stock,date,price,ingested_at,earnings_date,fiscal_end_date,reported_eps,estimated_eps,surprise_percentage,sector,sub_sector
PEG,2026-05-22,79.51000213623047,2026-05-25 12:29:28.535692,,,,,,Utilities,Electric Utilities
CRH,2026-05-22,100.37000274658203,2026-05-25 12:29:28.535692,,,,,,Materials,Construction Materials
DVA,2026-05-22,198.52000427246094,2026-05-25 12:29:28.535692,,,,,,Health Care,Health Care Services
PH,2026-05-22,866.9600219726562,2026-05-25 12:29:28.535692,,,,,,Industrials,Industrial Machinery & Supplies & Components
DE,2026-05-22,529.1500244140625,2026-05-25 12:29:28.535692,,,,,,Industrials,Agricultural & Farm Machinery
PG,2026-05-22,144.44000244140625,2026-05-25 12:29:28.535692,,,,,,Consumer Staples,Personal Care Products
MOS,2026-05-22,22.510000228881836,2026-05-25 12:29:28.535692,,,,,,Materials,Fertilizers & Agricultural Chemicals
KEY,2026-05-22,21.559999465942383,2026-05-25 12:29:28.535692,,,,,,Financials,Regional Banks
MA,2026-05-22,498.5400085449219,2026-05-25 12:29:28.535692,,,,,,Financials,Transaction & Payment Processing Services
LMT,2026-05-22,533.239990234375,2026-05-25 12:29:28.535692,,,,,,Industrials,Aerospace & Defense
NTAP,2026-05-22,139.36000061035156,2026-05-25 12:29:28.535692,,,,,,Information Technology,"Technology Hardware, Storage & Peripherals"
CEG,2026-05-22,294.07000732421875,2026-05-25 12:29:28.535692,,,,,,Utilities,Electric Utilities
ROST,2026-05-22,234.80999755859375,2026-05-25 12:29:28.535692,,,,,,Consumer Discretionary,Apparel Retail
USB,2026-05-22,54.83000183105469,2026-05-25 12:29:28.535692,,,,,,Financials,Diversified Banks
MTCH,2026-05-22,35.79999923706055,2026-05-25 12:29:28.535692,,,,,,,
DELL,2026-05-22,295.19000244140625,2026-05-25 12:29:28.535692,,,,,,Information Technology,"Technology Hardware, Storage & Peripherals"
BX,2026-05-22,118.51000213623047,2026-05-25 12:29:28.535692,,,,,,Financials,Asset Management & Custody Banks
CME,2026-05-22,291.2300109863281,2026-05-25 12:29:28.535692,,,,,,Financials,Financial Exchanges & Data
ROK,2026-05-22,452.2900085449219,2026-05-25 12:29:28.535692,,,,,,Industrials,Electrical Components & Equipment
LYB,2026-05-22,69.72000122070312,2026-05-25 12:29:28.535692,,,,,,Materials,Specialty Chemicals
UDR,2026-05-22,38.0099983215332,2026-05-25 12:29:28.535692,,,,,,Real Estate,Multi-Family Residential REITs
COIN,2026-05-22,184.99000549316406,2026-05-25 12:29:28.535692,,,,,,Financials,Financial Exchanges & Data
VMC,2026-05-22,260.6499938964844,2026-05-25 12:29:28.535692,,,,,,Materials,Construction Materials
VTRS,2026-05-22,16.649999618530273,2026-05-25 12:29:28.535692,,,,,,Health Care,Pharmaceuticals
VLO,2026-05-22,246.9600067138672,2026-05-25 12:29:28.535692,,,,,,Energy,Oil & Gas Refining & Marketing
PM,2026-05-22,188.99000549316406,2026-05-25 12:29:28.535692,,,,,,Consumer Staples,Tobacco
REG,2026-05-22,78.83999633789062,2026-05-25 12:29:28.535692,,,,,,Real Estate,Retail REITs
PFE,2026-05-22,25.899999618530273,2026-05-25 12:29:28.535692,,,,,,Health Care,Pharmaceuticals
RTX,2026-05-22,177.00999450683594,2026-05-25 12:29:28.535692,,,,,,Industrials,Aerospace & Defense
TRMB,2026-05-22,56.34000015258789,2026-05-25 12:29:28.535692,,,,,,Information Technology,Application Software
CRWD,2026-05-22,663.4600219726562,2026-05-25 12:29:28.535692,,,,,,Information Technology,Systems Software
TSN,2026-05-22,65.05000305175781,2026-05-25 12:29:28.535692,,,,,,Consumer Staples,Packaged Foods & Meats
TECH,2026-05-22,48.209999084472656,2026-05-25 12:29:28.535692,,,,,,Health Care,Life Sciences Tools & Services
ISRG,2026-05-22,438.1000061035156,2026-05-25 12:29:28.535692,,,,,,Health Care,Health Care Equipment
DECK,2026-05-22,106.66999816894531,2026-05-25 12:29:28.535692,,,,,,Consumer Discretionary,Footwear
HST,2026-05-22,22.3799991607666,2026-05-25 12:29:28.535692,,,,,,Real Estate,Hotel & Resort REITs
ROP,2026-05-22,326.94000244140625,2026-05-25 12:29:28.535692,,,,,,Information Technology,Electronic Equipment & Instruments
HLT,2026-05-22,321.0799865722656,2026-05-25 12:29:28.535692,,,,,,Consumer Discretionary,"Hotels, Resorts & Cruise Lines"
XOM,2026-05-22,154.9199981689453,2026-05-25 12:29:28.535692,,,,,,Energy,Integrated Oil & Gas
CVNA,2026-05-22,68.27999877929688,2026-05-25 12:29:28.535692,,,,,,Consumer Discretionary,Automotive Retail
BALL,2026-05-22,56.5099983215332,2026-05-25 12:29:28.535692,,,,,,Materials,"Metal, Glass & Plastic Containers"
SCHW,2026-05-22,90.1500015258789,2026-05-25 12:29:28.535692,,,,,,Financials,Investment Banking & Brokerage
URI,2026-05-22,938.6199951171875,2026-05-25 12:29:28.535692,,,,,,Industrials,Trading Companies & Distributors
YUM,2026-05-22,155.14999389648438,2026-05-25 12:29:28.535692,,,,,,Consumer Discretionary,Restaurants
BDX,2026-05-22,147.6300048828125,2026-05-25 12:29:28.535692,,,,,,Health Care,Health Care Equipment
CVX,2026-05-22,191.42999267578125,2026-05-25 12:29:28.535692,,,,,,Energy,Integrated Oil & Gas
BG,2026-05-22,120.70999908447266,2026-05-25 12:29:28.535692,,,,,,Consumer Staples,Agricultural Products & Services
AMCR,2026-05-22,38.380001068115234,2026-05-25 12:29:28.535692,,,,,,Materials,Paper & Plastic Packaging Products & Materials
SNPS,2026-05-22,524.739990234375,2026-05-25 12:29:28.535692,,,,,,Information Technology,Application Software
CPRT,2026-05-22,33.790000915527344,2026-05-25 12:29:28.535692,,,,,,Industrials,Diversified Support Services
O,2026-05-22,62.02000045776367,2026-05-25 12:29:28.535692,,,,,,Real Estate,Retail REITs
WBD,2026-05-22,27.030000686645508,2026-05-25 12:29:28.535692,,,,,,Communication Services,Broadcasting
NVR,2026-05-22,6036.990234375,2026-05-25 12:29:28.535692,,,,,,Consumer Discretionary,Homebuilding
TSCO,2026-05-22,31.6200008392334,2026-05-25 12:29:28.535692,,,,,,Consumer Discretionary,Other Specialty Retail
WTW,2026-05-22,257.3999938964844,2026-05-25 12:29:28.535692,,,,,,Financials,Insurance Brokers
TGT,2026-05-22,125.5999984741211,2026-05-25 12:29:28.535692,,,,,,Consumer Staples,Consumer Staples Merchandise Retail
PTC,2026-05-22,148.22999572753906,2026-05-25 12:29:28.535692,,,,,,Information Technology,Application Software
MAR,2026-05-22,369.1499938964844,2026-05-25 12:29:28.535692,,,,,,Consumer Discretionary,"Hotels, Resorts & Cruise Lines"
COST,2026-05-22,1028.239990234375,2026-05-25 12:29:28.535692,,,,,,Consumer Staples,Consumer Staples Merchandise Retail
ATO,2026-05-22,177.80999755859375,2026-05-25 12:29:28.535692,,,,,,Utilities,Gas Utilities
JBL,2026-05-22,364.3500061035156,2026-05-25 12:29:28.535692,,,,,,Information Technology,Electronic Manufacturing Services
RMD,2026-05-22,208.0500030517578,2026-05-25 12:29:28.535692,,,,,,Health Care,Health Care Equipment
NXPI,2026-05-22,316.4700012207031,2026-05-25 12:29:28.535692,,,,,,Information Technology,Semiconductors
XYL,2026-05-22,110.27999877929688,2026-05-25 12:29:28.535692,,,,,,Industrials,Industrial Machinery & Supplies & Components
HAL,2026-05-22,41.470001220703125,2026-05-25 12:29:28.535692,,,,,,Energy,Oil & Gas Equipment & Services
BBY,2026-05-22,61.630001068115234,2026-05-25 12:29:28.535692,,,,,,Consumer Discretionary,Computer & Electronics Retail
PPL,2026-05-22,36.31999969482422,2026-05-25 12:29:28.535692,,,,,,Utilities,Electric Utilities
HPQ,2026-05-22,25.239999771118164,2026-05-25 12:29:28.535692,,,,,,Information Technology,"Technology Hardware, Storage & Peripherals"
XEL,2026-05-22,81.08000183105469,2026-05-25 12:29:28.535692,,,,,,Utilities,Multi-Utilities
MSCI,2026-05-22,588.5499877929688,2026-05-25 12:29:28.535692,,,,,,Financials,Financial Exchanges & Data
GDDY,2026-05-22,90.45999908447266,2026-05-25 12:29:28.535692,,,,,,Information Technology,Internet Services & Infrastructure
GPC,2026-05-22,97.87000274658203,2026-05-25 12:29:28.535692,,,,,,Consumer Discretionary,Distributors
CLX,2026-05-22,95.11000061035156,2026-05-25 12:29:28.535692,,,,,,Consumer Staples,Household Products
BRO,2026-05-22,57.81999969482422,2026-05-25 12:29:28.535692,,,,,,Financials,Insurance Brokers
CB,2026-05-22,327.8900146484375,2026-05-25 12:29:28.535692,,,,,,Financials,Property & Casualty Insurance
LYV,2026-05-22,165.5500030517578,2026-05-25 12:29:28.535692,,,,,,Communication Services,Movies & Entertainment
SJM,2026-05-22,103.36000061035156,2026-05-25 12:29:28.535692,,,,,,Consumer Staples,Packaged Foods & Meats
CBRE,2026-05-22,131.07000732421875,2026-05-25 12:29:28.535692,,,,,,Real Estate,Real Estate Services
ABBV,2026-05-22,215.6999969482422,2026-05-25 12:29:28.535692,,,,,,Health Care,Biotechnology
TKO,2026-05-22,191.5,2026-05-25 12:29:28.535692,,,,,,Communication Services,Movies & Entertainment
AEE,2026-05-22,111.29000091552734,2026-05-25 12:29:28.535692,,,,,,Utilities,Multi-Utilities
OMC,2026-05-22,74.93000030517578,2026-05-25 12:29:28.535692,,,,,,Communication Services,Advertising
BAC,2026-05-22,51.79999923706055,2026-05-25 12:29:28.535692,,,,,,Financials,Diversified Banks
EG,2026-05-22,352.7099914550781,2026-05-25 12:29:28.535692,,,,,,Financials,Reinsurance
COF,2026-05-22,187.7899932861328,2026-05-25 12:29:28.535692,,,,,,Financials,Consumer Finance
IBKR,2026-05-22,81.3499984741211,2026-05-25 12:29:28.535692,,,,,,Financials,Investment Banking & Brokerage
EBAY,2026-05-22,115.75,2026-05-25 12:29:28.535692,,,,,,Consumer Discretionary,Broadline Retail
CNP,2026-05-22,42.83000183105469,2026-05-25 12:29:28.535692,,,,,,Utilities,Multi-Utilities
CPB,2026-05-22,20.579999923706055,2026-05-25 12:29:28.535692,,,,,,Consumer Staples,Packaged Foods & Meats
SWKS,2026-05-22,82.41999816894531,2026-05-25 12:29:28.535692,,,,,,Information Technology,Semiconductors
NKE,2026-05-22,44.66999816894531,2026-05-25 12:29:28.535692,,,,,,Consumer Discretionary,"Apparel, Accessories & Luxury Goods"
DASH,2026-05-22,160.25,2026-05-25 12:29:28.535692,,,,,,Consumer Discretionary,Specialized Consumer Services
VLTO,2026-05-22,86.80000305175781,2026-05-25 12:29:28.535692,,,,,,Industrials,Environmental & Facilities Services
BKNG,2026-05-22,161.05999755859375,2026-05-25 12:29:28.535692,,,,,,Consumer Discretionary,"Hotels, Resorts & Cruise Lines"
CCI,2026-05-22,91.45999908447266,2026-05-25 12:29:28.535692,,,,,,Real Estate,Telecom Tower REITs
CTSH,2026-05-22,52.75,2026-05-25 12:29:28.535692,,,,,,Information Technology,IT Consulting & Other Services
KMI,2026-05-22,33.790000915527344,2026-05-25 12:29:28.535692,,,,,,Energy,Oil & Gas Storage & Transportation
CNC,2026-05-22,59.13999938964844,2026-05-25 12:29:28.535692,,,,,,Health Care,Managed Health Care
LVS,2026-05-22,49.43000030517578,2026-05-25 12:29:28.535692,,,,,,Consumer Discretionary,Casinos & Gaming
RCL,2026-05-22,256.1000061035156,2026-05-25 12:29:28.535692,,,,,,Consumer Discretionary,"Hotels, Resorts & Cruise Lines"
HUBB,2026-05-22,475.010009765625,2026-05-25 12:29:28.535692,,,,,,Industrials,Industrial Machinery & Supplies & Components
ALL,2026-05-22,216.60000610351562,2026-05-25 12:29:28.535692,,,,,,Financials,Property & Casualty Insurance
EPAM,2026-05-22,102.69000244140625,2026-05-25 12:29:28.535692,,,,,,Information Technology,IT Consulting & Other Services
POOL,2026-05-22,184.63999938964844,2026-05-25 12:29:28.535692,,,,,,Consumer Discretionary,Distributors
SOLV,2026-05-22,76.83000183105469,2026-05-25 12:29:28.535692,,,,,,Health Care,Health Care Technology
PODD,2026-05-22,154.8699951171875,2026-05-25 12:29:28.535692,,,,,,Health Care,Health Care Equipment
KLAC,2026-05-22,1888.3800048828125,2026-05-25 12:29:28.535692,,,,,,Information Technology,Semiconductor Materials & Equipment
HSY,2026-05-22,194.77999877929688,2026-05-25 12:29:28.535692,,,,,,Consumer Staples,Packaged Foods & Meats
MPWR,2026-05-22,1589.81005859375,2026-05-25 12:29:28.535692,,,,,,Information Technology,Semiconductors
MTD,2026-05-22,1103.0899658203125,2026-05-25 12:29:28.535692,,,,,,Health Care,Life Sciences Tools & Services
DOC,2026-05-22,19.729999542236328,2026-05-25 12:29:28.535692,,,,,,Real Estate,Health Care REITs
FE,2026-05-22,46.310001373291016,2026-05-25 12:29:28.535692,,,,,,Utilities,Electric Utilities
PNR,2026-05-22,74.81999969482422,2026-05-25 12:29:28.535692,,,,,,Industrials,Industrial Machinery & Supplies & Components
ALB,2026-05-22,171.5800018310547,2026-05-25 12:29:28.535692,,,,,,Materials,Specialty Chemicals
VRTX,2026-05-22,434.5199890136719,2026-05-25 12:29:28.535692,,,,,,Health Care,Biotechnology
CSGP,2026-05-22,33.95000076293945,2026-05-25 12:29:28.535692,,,,,,Real Estate,Real Estate Services
ODFL,2026-05-22,210.47000122070312,2026-05-25 12:29:28.535692,,,,,,Industrials,Cargo Ground Transportation
TER,2026-05-22,358.44000244140625,2026-05-25 12:29:28.535692,,,,,,Information Technology,Semiconductor Materials & Equipment
ACGL,2026-05-22,96.30000305175781,2026-05-25 12:29:28.535692,,,,,,Financials,Property & Casualty Insurance
CMS,2026-05-22,74.52999877929688,2026-05-25 12:29:28.535692,,,,,,Utilities,Multi-Utilities
HII,2026-05-22,320.6300048828125,2026-05-25 12:29:28.535692,,,,,,Industrials,Aerospace & Defense
NI,2026-05-22,47.849998474121094,2026-05-25 12:29:28.535692,,,,,,Utilities,Multi-Utilities
HBAN,2026-05-22,15.920000076293945,2026-05-25 12:29:28.535692,,,,,,Financials,Regional Banks
IFF,2026-05-22,75.27999877929688,2026-05-25 12:29:28.535692,,,,,,Materials,Specialty Chemicals
AIZ,2026-05-22,254.82000732421875,2026-05-25 12:29:28.535692,,,,,,Financials,Multi-line Insurance
DG,2026-05-22,105.6500015258789,2026-05-25 12:29:28.535692,,,,,,Consumer Staples,Consumer Staples Merchandise Retail
LIN,2026-05-22,517.5800170898438,2026-05-25 12:29:28.535692,,,,,,Materials,Industrial Gases
MRNA,2026-05-22,46.880001068115234,2026-05-25 12:29:28.535692,,,,,,Health Care,Biotechnology
HON,2026-05-22,227.9199981689453,2026-05-25 12:29:28.535692,,,,,,Industrials,Industrial Conglomerates
FOXA,2026-05-22,63.97999954223633,2026-05-25 12:29:28.535692,,,,,,Communication Services,Broadcasting
RSG,2026-05-22,208.92999267578125,2026-05-25 12:29:28.535692,,,,,,Industrials,Environmental & Facilities Services
EQT,2026-05-22,57.91999816894531,2026-05-25 12:29:28.535692,,,,,,Energy,Oil & Gas Exploration & Production
INVH,2026-05-22,29.290000915527344,2026-05-25 12:29:28.535692,,,,,,Real Estate,Single-Family Residential REITs
HUM,2026-05-22,307.95001220703125,2026-05-25 12:29:28.535692,,,,,,Health Care,Managed Health Care
MMM,2026-05-22,152.44000244140625,2026-05-25 12:29:28.535692,,,,,,Industrials,Industrial Conglomerates
GEN,2026-05-22,24.81999969482422,2026-05-25 12:29:28.535692,,,,,,Information Technology,Systems Software
FICO,2026-05-22,1239.9100341796875,2026-05-25 12:29:28.535692,,,,,,Information Technology,Application Software
BRK-B,2026-05-22,486.3800048828125,2026-05-25 12:29:28.535692,,,,,,Financials,Multi-Sector Holdings
EIX,2026-05-22,71.18000030517578,2026-05-25 12:29:28.535692,,,,,,Utilities,Electric Utilities
Q,2026-05-22,156.92999267578125,2026-05-25 12:29:28.535692,,,,,,Information Technology,Semiconductor Materials & Equipment
UHS,2026-05-22,157.8000030517578,2026-05-25 12:29:28.535692,,,,,,Health Care,Health Care Facilities
ETR,2026-05-22,112.4000015258789,2026-05-25 12:29:28.535692,,,,,,Utilities,Electric Utilities
MOH,2026-05-22,184.13999938964844,2026-05-25 12:29:28.535692,,,,,,,
NDSN,2026-05-22,289.8999938964844,2026-05-25 12:29:28.535692,,,,,,Industrials,Industrial Machinery & Supplies & Components
KMB,2026-05-22,99.13999938964844,2026-05-25 12:29:28.535692,,,,,,Consumer Staples,Household Products
APTV,2026-05-22,57.36000061035156,2026-05-25 12:29:28.535692,,,,,,Consumer Discretionary,Automotive Parts & Equipment
LDOS,2026-05-22,126.01000213623047,2026-05-25 12:29:28.535692,,,,,,Industrials,Diversified Support Services
SYF,2026-05-22,71.83000183105469,2026-05-25 12:29:28.535692,,,,,,Financials,Consumer Finance
UPS,2026-05-22,101.0199966430664,2026-05-25 12:29:28.535692,,,,,,Industrials,Air Freight & Logistics
DHI,2026-05-22,143.72999572753906,2026-05-25 12:29:28.535692,,,,,,Consumer Discretionary,Homebuilding
SLB,2026-05-22,57.279998779296875,2026-05-25 12:29:28.535692,,,,,,Energy,Oil & Gas Equipment & Services
GM,2026-05-22,78.79000091552734,2026-05-25 12:29:28.535692,,,,,,Consumer Discretionary,Automobile Manufacturers
BF-B,2026-05-22,26.200000762939453,2026-05-25 12:29:28.535692,,,,,,Consumer Staples,Distillers & Vintners
DHR,2026-05-22,172.0,2026-05-25 12:29:28.535692,,,,,,Health Care,Life Sciences Tools & Services
J,2026-05-22,114.69000244140625,2026-05-25 12:29:28.535692,,,,,,Industrials,Construction & Engineering
FOX,2026-05-22,57.2400016784668,2026-05-25 12:29:28.535692,,,,,,Communication Services,Broadcasting
EL,2026-05-22,88.31999969482422,2026-05-25 12:29:28.535692,,,,,,Consumer Staples,Personal Care Products
ZBH,2026-05-22,85.5,2026-05-25 12:29:28.535692,,,,,,Health Care,Health Care Equipment
AMZN,2026-05-22,266.32000732421875,2026-05-25 12:29:28.535692,,,,,,Consumer Discretionary,Broadline Retail
STE,2026-05-22,216.57000732421875,2026-05-25 12:29:28.535692,,,,,,Health Care,Health Care Equipment
STX,2026-05-22,812.72998046875,2026-05-25 12:29:28.535692,,,,,,Information Technology,"Technology Hardware, Storage & Peripherals"
MAS,2026-05-22,67.26000213623047,2026-05-25 12:29:28.535692,,,,,,Industrials,Building Products
ED,2026-05-22,108.54000091552734,2026-05-25 12:29:28.535692,,,,,,Utilities,Multi-Utilities
IVZ,2026-05-22,27.049999237060547,2026-05-25 12:29:28.535692,,,,,,Financials,Asset Management & Custody Banks
GPN,2026-05-22,73.26000213623047,2026-05-25 12:29:28.535692,,,,,,Financials,Transaction & Payment Processing Services
DVN,2026-05-22,47.220001220703125,2026-05-25 12:29:28.535692,,,,,,Energy,Oil & Gas Exploration & Production
EFX,2026-05-22,164.0399932861328,2026-05-25 12:29:28.535692,,,,,,Industrials,Research & Consulting Services
TPL,2026-05-22,402.0299987792969,2026-05-25 12:29:28.535692,,,,,,Energy,Oil & Gas Exploration & Production
BAX,2026-05-22,19.18000030517578,2026-05-25 12:29:28.535692,,,,,,Health Care,Health Care Equipment
MCD,2026-05-22,282.2699890136719,2026-05-25 12:29:28.535692,,,,,,Consumer Discretionary,Restaurants
CVS,2026-05-22,93.26000213623047,2026-05-25 12:29:28.535692,,,,,,Health Care,Health Care Services
ADSK,2026-05-22,240.99000549316406,2026-05-25 12:29:28.535692,,,,,,Information Technology,Application Software
INTU,2026-05-22,319.94000244140625,2026-05-25 12:29:28.535692,,,,,,Information Technology,Application Software
NSC,2026-05-22,314.5299987792969,2026-05-25 12:29:28.535692,,,,,,Industrials,Rail Transportation
WDC,2026-05-22,484.2799987792969,2026-05-25 12:29:28.535692,,,,,,Information Technology,"Technology Hardware, Storage & Peripherals"
NDAQ,2026-05-22,91.01000213623047,2026-05-25 12:29:28.535692,,,,,,Financials,Financial Exchanges & Data
AKAM,2026-05-22,147.22999572753906,2026-05-25 12:29:28.535692,,,,,,Information Technology,Internet Services & Infrastructure
PAYC,2026-05-22,137.8000030517578,2026-05-25 12:29:28.535692,,,,,,,
PPG,2026-05-22,107.77999877929688,2026-05-25 12:29:28.535692,,,,,,Materials,Specialty Chemicals
WFC,2026-05-22,76.4000015258789,2026-05-25 12:29:28.535692,,,,,,Financials,Diversified Banks
NOW,2026-05-22,102.12999725341797,2026-05-25 12:29:28.535692,,,,,,Information Technology,Systems Software
MLM,2026-05-22,536.47998046875,2026-05-25 12:29:28.535692,,,,,,Materials,Construction Materials
IQV,2026-05-22,167.89999389648438,2026-05-25 12:29:28.535692,,,,,,Health Care,Life Sciences Tools & Services
WMB,2026-05-22,78.47000122070312,2026-05-25 12:29:28.535692,,,,,,Energy,Oil & Gas Storage & Transportation
TFC,2026-05-22,48.380001068115234,2026-05-25 12:29:28.535692,,,,,,Financials,Diversified Banks
MS,2026-05-22,201.02999877929688,2026-05-25 12:29:28.535692,,,,,,Financials,Investment Banking & Brokerage
CL,2026-05-22,90.61000061035156,2026-05-25 12:29:28.535692,,,,,,Consumer Staples,Household Products
HWM,2026-05-22,256.54998779296875,2026-05-25 12:29:28.535692,,,,,,Industrials,Aerospace & Defense
DTE,2026-05-22,145.3000030517578,2026-05-25 12:29:28.535692,,,,,,Utilities,Multi-Utilities
IT,2026-05-22,160.00999450683594,2026-05-25 12:29:28.535692,,,,,,Information Technology,IT Consulting & Other Services
PSKY,2026-05-22,10.460000038146973,2026-05-25 12:29:28.535692,,,,,,Communication Services,Movies & Entertainment
TPR,2026-05-22,138.49000549316406,2026-05-25 12:29:28.535692,,,,,,Consumer Discretionary,"Apparel, Accessories & Luxury Goods"
UAL,2026-05-22,99.95999908447266,2026-05-25 12:29:28.535692,,,,,,Industrials,Passenger Airlines
CRM,2026-05-22,180.07000732421875,2026-05-25 12:29:28.535692,,,,,,Information Technology,Application Software
JKHY,2026-05-22,140.19000244140625,2026-05-25 12:29:28.535692,,,,,,Financials,Transaction & Payment Processing Services
STLD,2026-05-22,240.02999877929688,2026-05-25 12:29:28.535692,,,,,,Materials,Steel
SNA,2026-05-22,366.6499938964844,2026-05-25 12:29:28.535692,,,,,,Industrials,Industrial Machinery & Supplies & Components
DDOG,2026-05-22,222.32000732421875,2026-05-25 12:29:28.535692,,,,,,Information Technology,Application Software
MRSH,2026-05-22,164.11000061035156,2026-05-25 12:29:28.535692,,,,,,Financials,Insurance Brokers
ULTA,2026-05-22,515.0399780273438,2026-05-25 12:29:28.535692,,,,,,Consumer Discretionary,Other Specialty Retail
TEL,2026-05-22,202.77999877929688,2026-05-25 12:29:28.535692,,,,,,Information Technology,Electronic Manufacturing Services
T,2026-05-22,25.260000228881836,2026-05-25 12:29:28.535692,,,,,,Communication Services,Integrated Telecommunication Services
TMUS,2026-05-22,191.47000122070312,2026-05-25 12:29:28.535692,,,,,,Communication Services,Wireless Telecommunication Services
COP,2026-05-22,120.45999908447266,2026-05-25 12:29:28.535692,,,,,,Energy,Oil & Gas Exploration & Production
KIM,2026-05-22,24.110000610351562,2026-05-25 12:29:28.535692,,,,,,Real Estate,Retail REITs
TTWO,2026-05-22,227.5500030517578,2026-05-25 12:29:28.535692,,,,,,Communication Services,Interactive Home Entertainment
AME,2026-05-22,224.52000427246094,2026-05-25 12:29:28.535692,,,,,,Industrials,Electrical Components & Equipment
NOC,2026-05-22,555.5800170898438,2026-05-25 12:29:28.535692,,,,,,Industrials,Aerospace & Defense
WST,2026-05-22,316.4200134277344,2026-05-25 12:29:28.535692,,,,,,Health Care,Health Care Supplies
ALGN,2026-05-22,163.61000061035156,2026-05-25 12:29:28.535692,,,,,,Health Care,Health Care Supplies
ZBRA,2026-05-22,255.5500030517578,2026-05-25 12:29:28.535692,,,,,,Information Technology,Electronic Equipment & Instruments
DUK,2026-05-22,125.66999816894531,2026-05-25 12:29:28.535692,,,,,,Utilities,Electric Utilities
ADBE,2026-05-22,244.75999450683594,2026-05-25 12:29:28.535692,,,,,,Information Technology,Application Software
GLW,2026-05-22,194.0500030517578,2026-05-25 12:29:28.535692,,,,,,Information Technology,Electronic Components
WELL,2026-05-22,216.1699981689453,2026-05-25 12:29:28.535692,,,,,,Real Estate,Health Care REITs
FANG,2026-05-22,200.7100067138672,2026-05-25 12:29:28.535692,,,,,,Energy,Oil & Gas Exploration & Production
ON,2026-05-22,116.19999694824219,2026-05-25 12:29:28.535692,,,,,,Information Technology,Semiconductors
AVGO,2026-05-22,414.1400146484375,2026-05-25 12:29:28.535692,,,,,,Information Technology,Semiconductors
EXPD,2026-05-22,158.47999572753906,2026-05-25 12:29:28.535692,,,,,,Industrials,Air Freight & Logistics
SRE,2026-05-22,92.80000305175781,2026-05-25 12:29:28.535692,,,,,,Utilities,Multi-Utilities
SWK,2026-05-22,76.45999908447266,2026-05-25 12:29:28.535692,,,,,,Industrials,Industrial Machinery & Supplies & Components
CPAY,2026-05-22,347.8999938964844,2026-05-25 12:29:28.535692,,,,,,Financials,Transaction & Payment Processing Services
PSA,2026-05-22,305.25,2026-05-25 12:29:28.535692,,,,,,Real Estate,Self-Storage REITs
L,2026-05-22,108.87000274658203,2026-05-25 12:29:28.535692,,,,,,Financials,Multi-line Insurance
DXCM,2026-05-22,72.0999984741211,2026-05-25 12:29:28.535692,,,,,,Health Care,Health Care Equipment
PRU,2026-05-22,104.12000274658203,2026-05-25 12:29:28.535692,,,,,,Financials,Life & Health Insurance
RF,2026-05-22,27.829999923706055,2026-05-25 12:29:28.535692,,,,,,Financials,Regional Banks
PWR,2026-05-22,723.4400024414062,2026-05-25 12:29:28.535692,,,,,,Industrials,Construction & Engineering
PCG,2026-05-22,16.489999771118164,2026-05-25 12:29:28.535692,,,,,,Utilities,Multi-Utilities
A,2026-05-22,114.95999908447266,2026-05-25 12:29:28.535692,,,,,,Health Care,Life Sciences Tools & Services
AXON,2026-05-22,386.0,2026-05-25 12:29:28.535692,,,,,,Industrials,Aerospace & Defense
ACN,2026-05-22,179.24000549316406,2026-05-25 12:29:28.535692,,,,,,Information Technology,IT Consulting & Other Services
CCL,2026-05-22,25.979999542236328,2026-05-25 12:29:28.535692,,,,,,Consumer Discretionary,"Hotels, Resorts & Cruise Lines"
CMCSA,2026-05-22,25.204999923706055,2026-05-25 12:29:28.535692,,,,,,Communication Services,Cable & Satellite
PNW,2026-05-22,102.94000244140625,2026-05-25 12:29:28.535692,,,,,,Utilities,Multi-Utilities
GL,2026-05-22,156.27999877929688,2026-05-25 12:29:28.535692,,,,,,Financials,Life & Health Insurance
CMG,2026-05-22,32.88999938964844,2026-05-25 12:29:28.535692,,,,,,Consumer Discretionary,Restaurants
PCAR,2026-05-22,109.3499984741211,2026-05-25 12:29:28.535692,,,,,,Industrials,Construction Machinery & Heavy Transportation Equipment
CAG,2026-05-22,13.5600004196167,2026-05-25 12:29:28.535692,,,,,,Consumer Staples,Packaged Foods & Meats
MKC,2026-05-22,47.79999923706055,2026-05-25 12:29:28.535692,,,,,,Consumer Staples,Packaged Foods & Meats
EXC,2026-05-22,46.22999954223633,2026-05-25 12:29:28.535692,,,,,,Utilities,Electric Utilities
RL,2026-05-22,377.7799987792969,2026-05-25 12:29:28.535692,,,,,,Consumer Discretionary,"Apparel, Accessories & Luxury Goods"
WRB,2026-05-22,67.54000091552734,2026-05-25 12:29:28.535692,,,,,,Financials,Property & Casualty Insurance
DLTR,2026-05-22,94.9800033569336,2026-05-25 12:29:28.535692,,,,,,Consumer Staples,Consumer Staples Merchandise Retail
BXP,2026-05-22,60.290000915527344,2026-05-25 12:29:28.535692,,,,,,Real Estate,Office REITs
OXY,2026-05-22,58.810001373291016,2026-05-25 12:29:28.535692,,,,,,Energy,Oil & Gas Exploration & Production
MCO,2026-05-22,449.1199951171875,2026-05-25 12:29:28.535692,,,,,,Financials,Financial Exchanges & Data
AXP,2026-05-22,311.7799987792969,2026-05-25 12:29:28.535692,,,,,,Financials,Consumer Finance
ROL,2026-05-22,53.459999084472656,2026-05-25 12:29:28.535692,,,,,,Industrials,Environmental & Facilities Services
MU,2026-05-22,751.0,2026-05-25 12:29:28.535692,,,,,,Information Technology,Semiconductors
BR,2026-05-22,150.49000549316406,2026-05-25 12:29:28.535692,,,,,,Industrials,Data Processing & Outsourced Services
LULU,2026-05-22,127.18000030517578,2026-05-25 12:29:28.535692,,,,,,Consumer Discretionary,"Apparel, Accessories & Luxury Goods"
MTB,2026-05-22,213.17999267578125,2026-05-25 12:29:28.535692,,,,,,Financials,Regional Banks
AZO,2026-05-22,3406.5,2026-05-25 12:29:28.535692,,,,,,Consumer Discretionary,Automotive Retail
EXPE,2026-05-22,214.64999389648438,2026-05-25 12:29:28.535692,,,,,,Consumer Discretionary,"Hotels, Resorts & Cruise Lines"
KEYS,2026-05-22,346.55999755859375,2026-05-25 12:29:28.535692,,,,,,Information Technology,Electronic Equipment & Instruments
LW,2026-05-22,43.7599983215332,2026-05-25 12:29:28.535692,,,,,,,
EQR,2026-05-22,66.19999694824219,2026-05-25 12:29:28.535692,,,,,,Real Estate,Multi-Family Residential REITs
MRK,2026-05-22,122.41000366210938,2026-05-25 12:29:28.535692,,,,,,Health Care,Pharmaceuticals
FITB,2026-05-22,49.47999954223633,2026-05-25 12:29:28.535692,,,,,,Financials,Regional Banks
LUV,2026-05-22,40.86000061035156,2026-05-25 12:29:28.535692,,,,,,Industrials,Passenger Airlines
CMI,2026-05-22,639.5499877929688,2026-05-25 12:29:28.535692,,,,,,Industrials,Construction Machinery & Heavy Transportation Equipment
TMO,2026-05-22,448.2799987792969,2026-05-25 12:29:28.535692,,,,,,Health Care,Life Sciences Tools & Services
TT,2026-05-22,451.0199890136719,2026-05-25 12:29:28.535692,,,,,,Industrials,Building Products
GEV,2026-05-22,1038.739990234375,2026-05-25 12:29:28.535692,,,,,,Industrials,Heavy Electrical Equipment
CAT,2026-05-22,879.8900146484375,2026-05-25 12:29:28.535692,,,,,,Industrials,Construction Machinery & Heavy Transportation Equipment
NCLH,2026-05-22,16.299999237060547,2026-05-25 12:29:28.535692,,,,,,Consumer Discretionary,"Hotels, Resorts & Cruise Lines"
GIS,2026-05-22,33.689998626708984,2026-05-25 12:29:28.535692,,,,,,Consumer Staples,Packaged Foods & Meats
MAA,2026-05-22,131.13999938964844,2026-05-25 12:29:28.535692,,,,,,Real Estate,Multi-Family Residential REITs
APD,2026-05-22,289.4700012207031,2026-05-25 12:29:28.535692,,,,,,Materials,Industrial Gases
APH,2026-05-22,132.05999755859375,2026-05-25 12:29:28.535692,,,,,,Information Technology,Electronic Components
MDT,2026-05-22,78.5999984741211,2026-05-25 12:29:28.535692,,,,,,Health Care,Health Care Equipment
FFIV,2026-05-22,393.6300048828125,2026-05-25 12:29:28.535692,,,,,,Information Technology,Communications Equipment
AMGN,2026-05-22,339.29998779296875,2026-05-25 12:29:28.535692,,,,,,Health Care,Biotechnology
BSX,2026-05-22,57.779998779296875,2026-05-25 12:29:28.535692,,,,,,Health Care,Health Care Equipment
ARES,2026-05-22,124.41000366210938,2026-05-25 12:29:28.535692,,,,,,Financials,Asset Management & Custody Banks
PSX,2026-05-22,177.69000244140625,2026-05-25 12:29:28.535692,,,,,,Energy,Oil & Gas Refining & Marketing
VTR,2026-05-22,88.18000030517578,2026-05-25 12:29:28.535692,,,,,,Real Estate,Health Care REITs
GEHC,2026-05-22,64.2300033569336,2026-05-25 12:29:28.535692,,,,,,Health Care,Health Care Equipment
HPE,2026-05-22,37.58000183105469,2026-05-25 12:29:28.535692,,,,,,Information Technology,"Technology Hardware, Storage & Peripherals"
TSLA,2026-05-22,426.010009765625,2026-05-25 12:22:47.372024,,,,,,Consumer Discretionary,Automobile Manufacturers
AAPL,2026-05-22,308.82000732421875,2026-05-25 12:22:47.372024,,,,,,Information Technology,"Technology Hardware, Storage & Peripherals"
CSCO,2026-05-22,120.41000366210938,2026-05-25 12:29:28.535692,,,,,,Information Technology,Communications Equipment
VICI,2026-05-22,28.5,2026-05-25 12:29:28.535692,,,,,,Real Estate,Hotel & Resort REITs
KHC,2026-05-22,23.790000915527344,2026-05-25 12:29:28.535692,,,,,,Consumer Staples,Packaged Foods & Meats
NVDA,2026-05-22,215.3300018310547,2026-05-25 12:22:47.372024,,,,,,Information Technology,Semiconductors
FAST,2026-05-22,43.939998626708984,2026-05-25 12:29:28.535692,,,,,,Industrials,Trading Companies & Distributors
ZTS,2026-05-22,81.31999969482422,2026-05-25 12:29:28.535692,,,,,,Health Care,Pharmaceuticals
CPT,2026-05-22,107.47000122070312,2026-05-25 12:29:28.535692,,,,,,Real Estate,Multi-Family Residential REITs
KKR,2026-05-22,94.04000091552734,2026-05-25 12:29:28.535692,,,,,,Financials,Asset Management & Custody Banks
SMCI,2026-05-22,35.58000183105469,2026-05-25 12:29:28.535692,,,,,,Information Technology,"Technology Hardware, Storage & Peripherals"
NRG,2026-05-22,137.64999389648438,2026-05-25 12:29:28.535692,,,,,,Utilities,Independent Power Producers & Energy Traders
WDAY,2026-05-22,128.13999938964844,2026-05-25 12:29:28.535692,,,,,,Information Technology,Application Software
ORLY,2026-05-22,91.73999786376953,2026-05-25 12:29:28.535692,,,,,,Consumer Discretionary,Automotive Retail
AMT,2026-05-22,183.85000610351562,2026-05-25 12:29:28.535692,,,,,,Real Estate,Telecom Tower REITs
BEN,2026-05-22,31.020000457763672,2026-05-25 12:29:28.535692,,,,,,Financials,Asset Management & Custody Banks
NWSA,2026-05-22,25.889999389648438,2026-05-25 12:29:28.535692,,,,,,Communication Services,Publishing
OKE,2026-05-22,94.02999877929688,2026-05-25 12:29:28.535692,,,,,,Energy,Oil & Gas Storage & Transportation
WSM,2026-05-22,192.5,2026-05-25 12:29:28.535692,,,,,,Consumer Discretionary,Homefurnishing Retail
INTC,2026-05-22,119.83999633789062,2026-05-25 12:29:28.535692,,,,,,Information Technology,Semiconductors
AMAT,2026-05-22,432.1600036621094,2026-05-25 12:29:28.535692,,,,,,Information Technology,Semiconductor Materials & Equipment
SPGI,2026-05-22,417.6000061035156,2026-05-25 12:29:28.535692,,,,,,Financials,Financial Exchanges & Data
WM,2026-05-22,217.89999389648438,2026-05-25 12:29:28.535692,,,,,,Industrials,Environmental & Facilities Services
CARR,2026-05-22,63.13999938964844,2026-05-25 12:29:28.535692,,,,,,Industrials,Building Products
EXE,2026-05-22,97.94000244140625,2026-05-25 12:29:28.535692,,,,,,Energy,Oil & Gas Exploration & Production
FTNT,2026-05-22,133.92999267578125,2026-05-25 12:29:28.535692,,,,,,Information Technology,Systems Software
BKR,2026-05-22,66.05999755859375,2026-05-25 12:29:28.535692,,,,,,Energy,Oil & Gas Equipment & Services
LNT,2026-05-22,73.94999694824219,2026-05-25 12:29:28.535692,,,,,,Utilities,Electric Utilities
RJF,2026-05-22,151.4600067138672,2026-05-25 12:29:28.535692,,,,,,Financials,Investment Banking & Brokerage
NFLX,2026-05-22,88.5999984741211,2026-05-25 12:29:28.535692,,,,,,Communication Services,Movies & Entertainment
CTAS,2026-05-22,172.92999267578125,2026-05-25 12:29:28.535692,,,,,,Industrials,Diversified Support Services
GOOGL,2026-05-22,382.9700012207031,2026-05-25 12:29:28.535692,,,,,,Communication Services,Interactive Media & Services
CDNS,2026-05-22,373.5899963378906,2026-05-25 12:29:28.535692,,,,,,Information Technology,Application Software
WY,2026-05-22,23.65999984741211,2026-05-25 12:29:28.535692,,,,,,Real Estate,Timber REITs
PKG,2026-05-22,215.91000366210938,2026-05-25 12:29:28.535692,,,,,,Materials,Paper & Plastic Packaging Products & Materials
COO,2026-05-22,62.54999923706055,2026-05-25 12:29:28.535692,,,,,,Health Care,Health Care Supplies
ABT,2026-05-22,87.41000366210938,2026-05-25 12:29:28.535692,,,,,,Health Care,Health Care Equipment
EA,2026-05-22,200.97000122070312,2026-05-25 12:29:28.535692,,,,,,Communication Services,Interactive Home Entertainment
AON,2026-05-22,324.7799987792969,2026-05-25 12:29:28.535692,,,,,,Financials,Insurance Brokers
BMY,2026-05-22,59.459999084472656,2026-05-25 12:29:28.535692,,,,,,Health Care,Pharmaceuticals
NEE,2026-05-22,88.55000305175781,2026-05-25 12:29:28.535692,,,,,,Utilities,Multi-Utilities
AMP,2026-05-22,452.30999755859375,2026-05-25 12:29:28.535692,,,,,,Financials,Asset Management & Custody Banks
CHTR,2026-05-22,145.14999389648438,2026-05-25 12:29:28.535692,,,,,,Communication Services,Cable & Satellite
PNC,2026-05-22,219.22999572753906,2026-05-25 12:29:28.535692,,,,,,Financials,Diversified Banks
COR,2026-05-22,274.9100036621094,2026-05-25 12:29:28.535692,,,,,,Health Care,Health Care Distributors
APP,2026-05-22,481.67999267578125,2026-05-25 12:29:28.535692,,,,,,Information Technology,Application Software
KDP,2026-05-22,29.1200008392334,2026-05-25 12:29:28.535692,,,,,,Consumer Staples,Soft Drinks & Non-alcoholic Beverages
TROW,2026-05-22,103.38999938964844,2026-05-25 12:29:28.535692,,,,,,Financials,Asset Management & Custody Banks
JCI,2026-05-22,138.36000061035156,2026-05-25 12:29:28.535692,,,,,,Industrials,Building Products
ECL,2026-05-22,253.32000732421875,2026-05-25 12:29:28.535692,,,,,,Materials,Specialty Chemicals
ERIE,2026-05-22,224.22999572753906,2026-05-25 12:29:28.535692,,,,,,Financials,Insurance Brokers
PLD,2026-05-22,145.89999389648438,2026-05-25 12:29:28.535692,,,,,,Real Estate,Industrial REITs
DRI,2026-05-22,203.50999450683594,2026-05-25 12:29:28.535692,,,,,,Consumer Discretionary,Restaurants
CSX,2026-05-22,45.52000045776367,2026-05-25 12:29:28.535692,,,,,,Industrials,Rail Transportation
PAYX,2026-05-22,97.0,2026-05-25 12:29:28.535692,,,,,,Industrials,Human Resource & Employment Services
EMR,2026-05-22,136.4199981689453,2026-05-25 12:29:28.535692,,,,,,Industrials,Electrical Components & Equipment
BIIB,2026-05-22,193.75999450683594,2026-05-25 12:29:28.535692,,,,,,Health Care,Biotechnology
GILD,2026-05-22,134.36000061035156,2026-05-25 12:29:28.535692,,,,,,Health Care,Biotechnology
CINF,2026-05-22,168.10000610351562,2026-05-25 12:29:28.535692,,,,,,Financials,Property & Casualty Insurance
EW,2026-05-22,85.77999877929688,2026-05-25 12:29:28.535692,,,,,,Health Care,Health Care Equipment
CF,2026-05-22,121.69999694824219,2026-05-25 12:29:28.535692,,,,,,Materials,Fertilizers & Agricultural Chemicals
ORCL,2026-05-22,192.0800018310547,2026-05-25 12:29:28.535692,,,,,,Information Technology,Application Software
LEN,2026-05-22,88.86000061035156,2026-05-25 12:29:28.535692,,,,,,Consumer Discretionary,Homebuilding
TRV,2026-05-22,306.4599914550781,2026-05-25 12:29:28.535692,,,,,,Financials,Property & Casualty Insurance
HAS,2026-05-22,88.0999984741211,2026-05-25 12:29:28.535692,,,,,,Consumer Discretionary,Leisure Products
AOS,2026-05-22,57.279998779296875,2026-05-25 12:29:28.535692,,,,,,Industrials,Building Products
GWW,2026-05-22,1247.7900390625,2026-05-25 12:29:28.535692,,,,,,Industrials,Industrial Machinery & Supplies & Components
C,2026-05-22,125.08999633789062,2026-05-25 12:29:28.535692,,,,,,Financials,Diversified Banks
GOOG,2026-05-22,379.3800048828125,2026-05-25 12:29:28.535692,,,,,,Communication Services,Interactive Media & Services
FIS,2026-05-22,43.560001373291016,2026-05-25 12:29:28.535692,,,,,,Financials,Transaction & Payment Processing Services
AFL,2026-05-22,117.86000061035156,2026-05-25 12:29:28.535692,,,,,,Financials,Life & Health Insurance
DLR,2026-05-22,192.02999877929688,2026-05-25 12:29:28.535692,,,,,,Real Estate,Data Center REITs
DOW,2026-05-22,36.0099983215332,2026-05-25 12:29:28.535692,,,,,,Materials,Commodity Chemicals
IRM,2026-05-22,126.45999908447266,2026-05-25 12:29:28.535692,,,,,,Real Estate,Other Specialized REITs
AMD,2026-05-22,467.510009765625,2026-05-25 12:29:28.535692,,,,,,Information Technology,Semiconductors
VZ,2026-05-22,48.349998474121094,2026-05-25 12:29:28.535692,,,,,,Communication Services,Integrated Telecommunication Services
EXR,2026-05-22,143.3000030517578,2026-05-25 12:29:28.535692,,,,,,Real Estate,Self-Storage REITs
ADI,2026-05-22,397.07000732421875,2026-05-25 12:29:28.535692,,,,,,Information Technology,Semiconductors
CHRW,2026-05-22,174.22999572753906,2026-05-25 12:29:28.535692,,,,,,Industrials,Air Freight & Logistics
DPZ,2026-05-22,316.5199890136719,2026-05-25 12:29:28.535692,,,,,,Consumer Discretionary,Restaurants
AIG,2026-05-22,77.05000305175781,2026-05-25 12:29:28.535692,,,,,,Financials,Multi-line Insurance
WAB,2026-05-22,256.4100036621094,2026-05-25 12:29:28.535692,,,,,,Industrials,Construction Machinery & Heavy Transportation Equipment
APA,2026-05-22,38.79999923706055,2026-05-25 12:29:28.535692,,,,,,Energy,Oil & Gas Exploration & Production
TAP,2026-05-22,42.54999923706055,2026-05-25 12:29:28.535692,,,,,,Consumer Staples,Brewers
ITW,2026-05-22,252.1999969482422,2026-05-25 12:29:28.535692,,,,,,Industrials,Industrial Machinery & Supplies & Components
IBM,2026-05-22,253.83999633789062,2026-05-25 12:29:28.535692,,,,,,Information Technology,IT Consulting & Other Services
FRT,2026-05-22,119.75,2026-05-25 12:29:28.535692,,,,,,Real Estate,Retail REITs
PGR,2026-05-22,199.50999450683594,2026-05-25 12:29:28.535692,,,,,,Financials,Property & Casualty Insurance
NWS,2026-05-22,29.68000030517578,2026-05-25 12:29:28.535692,,,,,,Communication Services,Publishing
MSI,2026-05-22,404.0799865722656,2026-05-25 12:29:28.535692,,,,,,Information Technology,Communications Equipment
UBER,2026-05-22,71.81999969482422,2026-05-25 12:29:28.535692,,,,,,Industrials,Passenger Ground Transportation
HIG,2026-05-22,136.02000427246094,2026-05-25 12:29:28.535692,,,,,,Financials,Property & Casualty Insurance
PYPL,2026-05-22,44.22999954223633,2026-05-25 12:29:28.535692,,,,,,Financials,Transaction & Payment Processing Services
EME,2026-05-22,848.9099731445312,2026-05-25 12:29:28.535692,,,,,,Industrials,Construction & Engineering
CFG,2026-05-22,62.88999938964844,2026-05-25 12:29:28.535692,,,,,,Financials,Regional Banks
PHM,2026-05-22,116.43000030517578,2026-05-25 12:29:28.535692,,,,,,Consumer Discretionary,Homebuilding
GNRC,2026-05-22,270.1400146484375,2026-05-25 12:29:28.535692,,,,,,Industrials,Electrical Components & Equipment
LLY,2026-05-22,1065.0,2026-05-25 12:29:28.535692,,,,,,Health Care,Pharmaceuticals
AVB,2026-05-22,185.64999389648438,2026-05-25 12:29:28.535692,,,,,,Real Estate,Multi-Family Residential REITs
DOV,2026-05-22,209.89999389648438,2026-05-25 12:29:28.535692,,,,,,Industrials,Industrial Machinery & Supplies & Components
CDW,2026-05-22,110.81999969482422,2026-05-25 12:29:28.535692,,,,,,Information Technology,Technology Distributors
GD,2026-05-22,342.8900146484375,2026-05-25 12:29:28.535692,,,,,,Industrials,Aerospace & Defense
MNST,2026-05-22,86.79000091552734,2026-05-25 12:29:28.535692,,,,,,Consumer Staples,Soft Drinks & Non-alcoholic Beverages
CHD,2026-05-22,96.25,2026-05-25 12:29:28.535692,,,,,,Consumer Staples,Household Products
LOW,2026-05-22,215.02999877929688,2026-05-25 12:29:28.535692,,,,,,Consumer Discretionary,Home Improvement Retail
STZ,2026-05-22,149.5,2026-05-25 12:29:28.535692,,,,,,Consumer Staples,Distillers & Vintners
PFG,2026-05-22,103.8499984741211,2026-05-25 12:29:28.535692,,,,,,Financials,Life & Health Insurance
NUE,2026-05-22,232.0,2026-05-25 12:29:28.535692,,,,,,Materials,Steel
LHX,2026-05-22,311.9800109863281,2026-05-25 12:29:28.535692,,,,,,Industrials,Aerospace & Defense
ALLE,2026-05-22,130.42999267578125,2026-05-25 12:29:28.535692,,,,,,Industrials,Building Products
EVRG,2026-05-22,83.94000244140625,2026-05-25 12:29:28.535692,,,,,,Utilities,Electric Utilities
IEX,2026-05-22,208.77999877929688,2026-05-25 12:29:28.535692,,,,,,Industrials,Industrial Machinery & Supplies & Components
TXN,2026-05-22,309.2099914550781,2026-05-25 12:29:28.535692,,,,,,Information Technology,Semiconductors
SBUX,2026-05-22,103.11000061035156,2026-05-25 12:29:28.535692,,,,,,Consumer Discretionary,Restaurants
FCX,2026-05-22,61.9900016784668,2026-05-25 12:29:28.535692,,,,,,Materials,Copper
EOG,2026-05-22,141.22000122070312,2026-05-25 12:29:28.535692,,,,,,Energy,Oil & Gas Exploration & Production
AJG,2026-05-22,204.75,2026-05-25 12:29:28.535692,,,,,,Financials,Insurance Brokers
DAL,2026-05-22,76.13999938964844,2026-05-25 12:29:28.535692,,,,,,Industrials,Passenger Airlines
CAH,2026-05-22,200.67999267578125,2026-05-25 12:29:28.535692,,,,,,Health Care,Health Care Distributors
BA,2026-05-22,219.02000427246094,2026-05-25 12:29:28.535692,,,,,,Industrials,Aerospace & Defense
HRL,2026-05-22,21.239999771118164,2026-05-25 12:29:28.535692,,,,,,Consumer Staples,Packaged Foods & Meats
LH,2026-05-22,259.92999267578125,2026-05-25 12:29:28.535692,,,,,,Health Care,Health Care Services
SBAC,2026-05-22,205.57000732421875,2026-05-25 12:29:28.535692,,,,,,Real Estate,Telecom Tower REITs
BLDR,2026-05-22,74.1500015258789,2026-05-25 12:29:28.535692,,,,,,Industrials,Building Products
TRGP,2026-05-22,276.75,2026-05-25 12:29:28.535692,,,,,,Energy,Oil & Gas Storage & Transportation
JBHT,2026-05-22,258.7699890136719,2026-05-25 12:29:28.535692,,,,,,Industrials,Cargo Ground Transportation
CRL,2026-05-22,160.3000030517578,2026-05-25 12:29:28.535692,,,,,,Health Care,Life Sciences Tools & Services
QCOM,2026-05-22,238.16000366210938,2026-05-25 12:29:28.535692,,,,,,Information Technology,Semiconductors
XYZ,2026-05-22,68.08000183105469,2026-05-25 12:29:28.535692,,,,,,Financials,Transaction & Payment Processing Services
ADM,2026-05-22,77.5199966430664,2026-05-25 12:29:28.535692,,,,,,Consumer Staples,Agricultural Products & Services
ADP,2026-05-22,225.30999755859375,2026-05-25 12:29:28.535692,,,,,,Industrials,Human Resource & Employment Services
MCHP,2026-05-22,93.43000030517578,2026-05-25 12:29:28.535692,,,,,,Information Technology,Semiconductors
MO,2026-05-22,73.9000015258789,2026-05-25 12:29:28.535692,,,,,,Consumer Staples,Tobacco
SHW,2026-05-22,309.0799865722656,2026-05-25 12:29:28.535692,,,,,,Materials,Specialty Chemicals
PLTR,2026-05-22,136.8800048828125,2026-05-25 12:29:28.535692,,,,,,Information Technology,Application Software
MPC,2026-05-22,254.64999389648438,2026-05-25 12:29:28.535692,,,,,,Energy,Oil & Gas Refining & Marketing
SPG,2026-05-22,204.41000366210938,2026-05-25 12:29:28.535692,,,,,,Real Estate,Retail REITs
FSLR,2026-05-22,257.8500061035156,2026-05-25 12:29:28.535692,,,,,,Information Technology,Semiconductors
TYL,2026-05-22,313.25,2026-05-25 12:29:28.535692,,,,,,Information Technology,Application Software
ICE,2026-05-22,152.97000122070312,2026-05-25 12:29:28.535692,,,,,,Financials,Financial Exchanges & Data
HCA,2026-05-22,394.07000732421875,2026-05-25 12:29:28.535692,,,,,,Health Care,Health Care Facilities
LII,2026-05-22,484.6400146484375,2026-05-25 12:29:28.535692,,,,,,Industrials,Building Products
SYY,2026-05-22,76.29000091552734,2026-05-25 12:29:28.535692,,,,,,Consumer Staples,Food Distributors
META,2026-05-22,610.260009765625,2026-05-25 12:29:28.535692,,,,,,Communication Services,Interactive Media & Services
TDG,2026-05-22,1213.510009765625,2026-05-25 12:29:28.535692,,,,,,Industrials,Aerospace & Defense
ES,2026-05-22,70.0,2026-05-25 12:29:28.535692,,,,,,Utilities,Electric Utilities
AEP,2026-05-22,131.58999633789062,2026-05-25 12:29:28.535692,,,,,,Utilities,Electric Utilities
DGX,2026-05-22,195.2100067138672,2026-05-25 12:29:28.535692,,,,,,Health Care,Health Care Services
DIS,2026-05-22,103.0,2026-05-25 12:29:28.535692,,,,,,Communication Services,Movies & Entertainment
IR,2026-05-22,70.91000366210938,2026-05-25 12:29:28.535692,,,,,,Industrials,Industrial Machinery & Supplies & Components
IDXX,2026-05-22,559.3699951171875,2026-05-25 12:29:28.535692,,,,,,Health Care,Health Care Equipment
ANET,2026-05-22,154.02999877929688,2026-05-25 12:29:28.535692,,,,,,Information Technology,Communications Equipment
ESS,2026-05-22,276.70001220703125,2026-05-25 12:29:28.535692,,,,,,Real Estate,Multi-Family Residential REITs
DD,2026-05-22,48.119998931884766,2026-05-25 12:29:28.535692,,,,,,Materials,Specialty Chemicals
KR,2026-05-22,67.25,2026-05-25 12:29:28.535692,,,,,,Consumer Staples,Food Retail
VST,2026-05-22,156.27000427246094,2026-05-25 12:29:28.535692,,,,,,Utilities,Electric Utilities
NEM,2026-05-22,107.63999938964844,2026-05-25 12:29:28.535692,,,,,,Materials,Gold
FISV,2026-05-22,57.130001068115234,2026-05-25 12:29:28.535692,,,,,,Financials,Transaction & Payment Processing Services
ABNB,2026-05-22,132.35000610351562,2026-05-25 12:29:28.535692,,,,,,Consumer Discretionary,"Hotels, Resorts & Cruise Lines"
JNJ,2026-05-22,234.33999633789062,2026-05-25 12:29:28.535692,,,,,,Health Care,Pharmaceuticals
GS,2026-05-22,996.72998046875,2026-05-25 12:29:28.535692,,,,,,Financials,Investment Banking & Brokerage
VRSN,2026-05-22,310.0,2026-05-25 12:29:28.535692,,,,,,Information Technology,Internet Services & Infrastructure
OTIS,2026-05-22,72.7699966430664,2026-05-25 12:29:28.535692,,,,,,Industrials,Industrial Machinery & Supplies & Components
MDLZ,2026-05-22,61.7599983215332,2026-05-25 12:29:28.535692,,,,,,Consumer Staples,Packaged Foods & Meats
D,2026-05-22,67.66999816894531,2026-05-25 12:29:28.535692,,,,,,Utilities,Multi-Utilities
SYK,2026-05-22,316.4800109863281,2026-05-25 12:29:28.535692,,,,,,Health Care,Health Care Equipment
F,2026-05-22,14.930000305175781,2026-05-25 12:29:28.535692,,,,,,Consumer Discretionary,Automobile Manufacturers
HSIC,2026-05-22,74.20999908447266,2026-05-25 12:29:28.535692,,,,,,Health Care,Health Care Distributors
FDX,2026-05-22,394.20001220703125,2026-05-25 12:29:28.535692,,,,,,Industrials,Air Freight & Logistics
ARE,2026-05-22,48.369998931884766,2026-05-25 12:29:28.535692,,,,,,Real Estate,Office REITs
HD,2026-05-22,313.07000732421875,2026-05-25 12:29:28.535692,,,,,,Consumer Discretionary,Home Improvement Retail
CTVA,2026-05-22,79.55999755859375,2026-05-25 12:29:28.535692,,,,,,Materials,Fertilizers & Agricultural Chemicals
MSFT,2026-05-22,418.57000732421875,2026-05-25 12:29:28.535692,,,,,,Information Technology,Systems Software
WYNN,2026-05-22,97.23999786376953,2026-05-25 12:29:28.535692,,,,,,Consumer Discretionary,Casinos & Gaming
INCY,2026-05-22,97.16000366210938,2026-05-25 12:29:28.535692,,,,,,Health Care,Biotechnology
TTD,2026-05-22,22.3799991607666,2026-05-25 12:29:28.535692,,,,,,Communication Services,Advertising
BLK,2026-05-22,1073.0,2026-05-25 12:29:28.535692,,,,,,Financials,Asset Management & Custody Banks
FIX,2026-05-22,1828.25,2026-05-25 12:29:28.535692,,,,,,Industrials,Construction & Engineering
NTRS,2026-05-22,167.77000427246094,2026-05-25 12:29:28.535692,,,,,,Financials,Asset Management & Custody Banks
TDY,2026-05-22,620.4500122070312,2026-05-25 12:29:28.535692,,,,,,Information Technology,Electronic Equipment & Instruments
UNH,2026-05-22,388.4700012207031,2026-05-25 12:29:28.535692,,,,,,Health Care,Managed Health Care
AWK,2026-05-22,125.19999694824219,2026-05-25 12:29:28.535692,,,,,,Utilities,Water Utilities
FTV,2026-05-22,59.130001068115234,2026-05-25 12:29:28.535692,,,,,,Industrials,Industrial Machinery & Supplies & Components
PEP,2026-05-22,150.57000732421875,2026-05-25 12:29:28.535692,,,,,,Consumer Staples,Soft Drinks & Non-alcoholic Beverages
MCK,2026-05-22,766.0800170898438,2026-05-25 12:29:28.535692,,,,,,Health Care,Health Care Distributors
REGN,2026-05-22,638.8800048828125,2026-05-25 12:29:28.535692,,,,,,Health Care,Biotechnology
STT,2026-05-22,153.9499969482422,2026-05-25 12:29:28.535692,,,,,,Financials,Asset Management & Custody Banks
WAT,2026-05-22,342.3699951171875,2026-05-25 12:29:28.535692,,,,,,Health Care,Life Sciences Tools & Services
V,2026-05-22,328.8800048828125,2026-05-25 12:29:28.535692,,,,,,Financials,Transaction & Payment Processing Services
TJX,2026-05-22,158.27000427246094,2026-05-25 12:29:28.535692,,,,,,Consumer Discretionary,Apparel Retail
VRSK,2026-05-22,171.11000061035156,2026-05-25 12:29:28.535692,,,,,,Industrials,Research & Consulting Services
APO,2026-05-22,128.50999450683594,2026-05-25 12:29:28.535692,,,,,,Financials,Asset Management & Custody Banks
GRMN,2026-05-22,240.7100067138672,2026-05-25 12:29:28.535692,,,,,,Consumer Discretionary,Consumer Electronics
MET,2026-05-22,84.05999755859375,2026-05-25 12:29:28.535692,,,,,,Financials,Life & Health Insurance
AVY,2026-05-22,159.66000366210938,2026-05-25 12:29:28.535692,,,,,,Materials,Paper & Plastic Packaging Products & Materials
EQIX,2026-05-22,1079.7900390625,2026-05-25 12:29:28.535692,,,,,,Real Estate,Data Center REITs
AES,2026-05-22,14.680000305175781,2026-05-25 12:29:28.535692,,,,,,Utilities,Independent Power Producers & Energy Traders
ETN,2026-05-22,391.3500061035156,2026-05-25 12:29:28.535692,,,,,,Industrials,Electrical Components & Equipment
SNDK,2026-05-22,1478.6800537109375,2026-05-25 12:29:28.535692,,,,,,Information Technology,"Technology Hardware, Storage & Peripherals"
CBOE,2026-05-22,357.3500061035156,2026-05-25 12:29:28.535692,,,,,,Financials,Financial Exchanges & Data
JPM,2026-05-22,306.3800048828125,2026-05-25 12:29:28.535692,,,,,,Financials,Diversified Banks
KVUE,2026-05-22,17.530000686645508,2026-05-25 12:29:28.535692,,,,,,Consumer Staples,Personal Care Products
IP,2026-05-22,31.290000915527344,2026-05-25 12:29:28.535692,,,,,,Materials,Paper & Plastic Packaging Products & Materials
ELV,2026-05-22,394.69000244140625,2026-05-25 12:29:28.535692,,,,,,Health Care,Managed Health Care
CI,2026-05-22,286.239990234375,2026-05-25 12:29:28.535692,,,,,,Health Care,Health Care Services
SO,2026-05-22,94.55000305175781,2026-05-25 12:29:28.535692,,,,,,Utilities,Electric Utilities
KO,2026-05-22,81.4800033569336,2026-05-25 12:29:28.535692,,,,,,Consumer Staples,Soft Drinks & Non-alcoholic Beverages
LRCX,2026-05-22,305.3500061035156,2026-05-25 12:29:28.535692,,,,,,Information Technology,Semiconductor Materials & Equipment
MGM,2026-05-22,38.400001525878906,2026-05-25 12:29:28.535692,,,,,,Consumer Discretionary,Casinos & Gaming
FDS,2026-05-22,232.0,2026-05-25 12:29:28.535692,,,,,,Financials,Financial Exchanges & Data
WMT,2026-05-22,120.2699966430664,2026-05-25 12:29:28.535692,,,,,,Consumer Staples,Consumer Staples Merchandise Retail
GE,2026-05-22,302.8399963378906,2026-05-25 12:29:28.535692,,,,,,Industrials,Aerospace & Defense
HOOD,2026-05-22,73.63999938964844,2026-05-25 12:29:28.535692,,,,,,Financials,Investment Banking & Brokerage
PANW,2026-05-22,260.5799865722656,2026-05-25 12:29:28.535692,,,,,,Information Technology,Systems Software
TSLA,2026-05-21,417.8500061035156,2026-05-25 12:22:47.372024,,,,,,Consumer Discretionary,Automobile Manufacturers
NVDA,2026-05-21,219.50999450683594,2026-05-25 12:22:47.372024,,,,,,Information Technology,Semiconductors
AAPL,2026-05-21,304.989990234375,2026-05-25 12:22:47.372024,,,,,,Information Technology,"Technology Hardware, Storage & Peripherals"
TSLA,2026-05-20,417.260009765625,2026-05-25 12:22:47.372024,,,,,,Consumer Discretionary,Automobile Manufacturers
NVDA,2026-05-20,223.47000122070312,2026-05-25 12:22:47.372024,2026-05-20,,1.87,1.77,0.0554,Information Technology,Semiconductors
AAPL,2026-05-20,302.25,2026-05-25 12:22:47.372024,,,,,,Information Technology,"Technology Hardware, Storage & Peripherals"
AAPL,2026-05-19,298.9700012207031,2026-05-25 12:22:47.372024,,,,,,Information Technology,"Technology Hardware, Storage & Peripherals"
TSLA,2026-05-19,404.1099853515625,2026-05-25 12:22:47.372024,,,,,,Consumer Discretionary,Automobile Manufacturers
NVDA,2026-05-19,220.61000061035156,2026-05-25 12:22:47.372024,,,,,,Information Technology,Semiconductors
CCL,2026-05-18,24.90999984741211,2026-05-19 20:46:39.446045,,,,,,Consumer Discretionary,"Hotels, Resorts & Cruise Lines"
YUM,2026-05-18,152.30999755859375,2026-05-19 20:46:39.446045,,,,,,Consumer Discretionary,Restaurants
TEL,2026-05-18,200.50999450683594,2026-05-19 20:46:39.446045,,,,,,Information Technology,Electronic Manufacturing Services
MTB,2026-05-18,206.27000427246094,2026-05-19 20:46:39.446045,,,,,,Financials,Regional Banks
STT,2026-05-18,153.74000549316406,2026-05-19 20:46:39.446045,,,,,,Financials,Asset Management & Custody Banks
CVS,2026-05-18,95.98999786376953,2026-05-19 20:46:39.446045,,,,,,Health Care,Health Care Services
RVTY,2026-05-18,95.4800033569336,2026-05-19 20:46:39.446045,,,,,,Health Care,Health Care Equipment
FDS,2026-05-18,224.35000610351562,2026-05-19 20:46:39.446045,,,,,,Financials,Financial Exchanges & Data
GLW,2026-05-18,178.5500030517578,2026-05-19 20:46:39.446045,,,,,,Information Technology,Electronic Components
DASH,2026-05-18,162.6699981689453,2026-05-19 20:46:39.446045,,,,,,Consumer Discretionary,Specialized Consumer Services
DD,2026-05-18,48.63999938964844,2026-05-19 20:46:39.446045,,,,,,Materials,Specialty Chemicals
KHC,2026-05-18,23.350000381469727,2026-05-19 20:46:39.446045,,,,,,Consumer Staples,Packaged Foods & Meats
HST,2026-05-18,21.8700008392334,2026-05-19 20:46:39.446045,,,,,,Real Estate,Hotel & Resort REITs
DXCM,2026-05-18,65.08999633789062,2026-05-19 20:46:39.446045,,,,,,Health Care,Health Care Equipment
F,2026-05-18,13.029999732971191,2026-05-19 20:46:39.446045,,,,,,Consumer Discretionary,Automobile Manufacturers
EL,2026-05-18,80.01000213623047,2026-05-19 20:46:39.446045,,,,,,Consumer Staples,Personal Care Products
NCLH,2026-05-18,15.260000228881836,2026-05-19 20:46:39.446045,,,,,,Consumer Discretionary,"Hotels, Resorts & Cruise Lines"
COO,2026-05-18,60.939998626708984,2026-05-19 20:46:39.446045,,,,,,Health Care,Health Care Supplies
NI,2026-05-18,46.54999923706055,2026-05-19 20:46:39.446045,,,,,,Utilities,Multi-Utilities
L,2026-05-18,108.01000213623047,2026-05-19 20:46:39.446045,,,,,,Financials,Multi-line Insurance
HII,2026-05-18,329.3500061035156,2026-05-19 20:46:39.446045,,,,,,Industrials,Aerospace & Defense
SNPS,2026-05-18,498.42999267578125,2026-05-19 20:46:39.446045,,,,,,Information Technology,Application Software
GL,2026-05-18,157.35000610351562,2026-05-19 20:46:39.446045,,,,,,Financials,Life & Health Insurance
GS,2026-05-18,946.3599853515625,2026-05-19 20:46:39.446045,,,,,,Financials,Investment Banking & Brokerage
ADP,2026-05-18,222.94000244140625,2026-05-19 20:46:39.446045,,,,,,Industrials,Human Resource & Employment Services
MRNA,2026-05-18,48.11000061035156,2026-05-19 20:46:39.446045,,,,,,Health Care,Biotechnology
EXPE,2026-05-18,214.99000549316406,2026-05-19 20:46:39.446045,,,,,,Consumer Discretionary,"Hotels, Resorts & Cruise Lines"
PHM,2026-05-18,111.77999877929688,2026-05-19 20:46:39.446045,,,,,,Consumer Discretionary,Homebuilding
NSC,2026-05-18,320.0799865722656,2026-05-19 20:46:39.446045,,,,,,Industrials,Rail Transportation
SWK,2026-05-18,75.44999694824219,2026-05-19 20:46:39.446045,,,,,,Industrials,Industrial Machinery & Supplies & Components
IT,2026-05-18,155.42999267578125,2026-05-19 20:46:39.446045,,,,,,Information Technology,IT Consulting & Other Services
IFF,2026-05-18,73.69999694824219,2026-05-19 20:46:39.446045,,,,,,Materials,Specialty Chemicals
CBOE,2026-05-18,366.2799987792969,2026-05-19 20:46:39.446045,,,,,,Financials,Financial Exchanges & Data
CMS,2026-05-18,72.12999725341797,2026-05-19 20:46:39.446045,,,,,,Utilities,Multi-Utilities
COIN,2026-05-18,189.44000244140625,2026-05-19 20:46:39.446045,,,,,,Financials,Financial Exchanges & Data
LII,2026-05-18,501.4100036621094,2026-05-19 20:46:39.446045,,,,,,Industrials,Building Products
BR,2026-05-18,150.6199951171875,2026-05-19 20:46:39.446045,,,,,,Industrials,Data Processing & Outsourced Services
CBRE,2026-05-18,130.44000244140625,2026-05-19 20:46:39.446045,,,,,,Real Estate,Real Estate Services
WFC,2026-05-18,74.37000274658203,2026-05-19 20:46:39.446045,,,,,,Financials,Diversified Banks
SNA,2026-05-18,363.54998779296875,2026-05-19 20:46:39.446045,,,,,,Industrials,Industrial Machinery & Supplies & Components
ODFL,2026-05-18,204.1300048828125,2026-05-19 20:46:39.446045,,,,,,Industrials,Cargo Ground Transportation
BG,2026-05-18,124.63999938964844,2026-05-19 20:46:39.446045,,,,,,Consumer Staples,Agricultural Products & Services
DVA,2026-05-18,199.52000427246094,2026-05-19 20:46:39.446045,,,,,,Health Care,Health Care Services
DOW,2026-05-18,38.560001373291016,2026-05-19 20:46:39.446045,,,,,,Materials,Commodity Chemicals
EFX,2026-05-18,164.22999572753906,2026-05-19 20:46:39.446045,,,,,,Industrials,Research & Consulting Services
AMT,2026-05-18,177.27999877929688,2026-05-19 20:46:39.446045,,,,,,Real Estate,Telecom Tower REITs
ADI,2026-05-18,418.5799865722656,2026-05-19 20:46:39.446045,,,,,,Information Technology,Semiconductors
JBHT,2026-05-18,261.4599914550781,2026-05-19 20:46:39.446045,,,,,,Industrials,Cargo Ground Transportation
EPAM,2026-05-18,100.44000244140625,2026-05-19 20:46:39.446045,,,,,,Information Technology,IT Consulting & Other Services
KDP,2026-05-18,29.43000030517578,2026-05-19 20:46:39.446045,,,,,,Consumer Staples,Soft Drinks & Non-alcoholic Beverages
VRTX,2026-05-18,436.5799865722656,2026-05-19 20:46:39.446045,,,,,,Health Care,Biotechnology
BALL,2026-05-18,55.79999923706055,2026-05-19 20:46:39.446045,,,,,,Materials,"Metal, Glass & Plastic Containers"
ARE,2026-05-18,46.68000030517578,2026-05-19 20:46:39.446045,,,,,,Real Estate,Office REITs
DUK,2026-05-18,122.83999633789062,2026-05-19 20:46:39.446045,,,,,,Utilities,Electric Utilities
UHS,2026-05-18,169.27000427246094,2026-05-19 20:46:39.446045,,,,,,Health Care,Health Care Facilities
ADM,2026-05-18,80.91000366210938,2026-05-19 20:46:39.446045,,,,,,Consumer Staples,Agricultural Products & Services
TDY,2026-05-18,617.6099853515625,2026-05-19 20:46:39.446045,,,,,,Information Technology,Electronic Equipment & Instruments
WAT,2026-05-18,332.19000244140625,2026-05-19 20:46:39.446045,,,,,,Health Care,Life Sciences Tools & Services
HSIC,2026-05-18,72.69000244140625,2026-05-19 20:46:39.446045,,,,,,Health Care,Health Care Distributors
ISRG,2026-05-18,439.9200134277344,2026-05-19 20:46:39.446045,,,,,,Health Care,Health Care Equipment
CRL,2026-05-18,149.92999267578125,2026-05-19 20:46:39.446045,,,,,,Health Care,Life Sciences Tools & Services
EMR,2026-05-18,132.22000122070312,2026-05-19 20:46:39.446045,,,,,,Industrials,Electrical Components & Equipment
RCL,2026-05-18,252.58999633789062,2026-05-19 20:46:39.446045,,,,,,Consumer Discretionary,"Hotels, Resorts & Cruise Lines"
HCA,2026-05-18,422.7900085449219,2026-05-19 20:46:39.446045,,,,,,Health Care,Health Care Facilities
ALLE,2026-05-18,128.47000122070312,2026-05-19 20:46:39.446045,,,,,,Industrials,Building Products
GE,2026-05-18,285.989990234375,2026-05-19 20:46:39.446045,,,,,,Industrials,Aerospace & Defense
CARR,2026-05-18,64.51000213623047,2026-05-19 20:46:39.446045,,,,,,Industrials,Building Products
QCOM,2026-05-18,203.63999938964844,2026-05-19 20:46:39.446045,,,,,,Information Technology,Semiconductors
FANG,2026-05-18,205.6199951171875,2026-05-19 20:46:39.446045,,,,,,Energy,Oil & Gas Exploration & Production
APD,2026-05-18,293.30999755859375,2026-05-19 20:46:39.446045,,,,,,Materials,Industrial Gases
ROST,2026-05-18,211.0800018310547,2026-05-19 20:46:39.446045,,,,,,Consumer Discretionary,Apparel Retail
CMI,2026-05-18,677.8699951171875,2026-05-19 20:46:39.446045,,,,,,Industrials,Construction Machinery & Heavy Transportation Equipment
CVNA,2026-05-18,66.0199966430664,2026-05-19 20:46:39.446045,,,,,,Consumer Discretionary,Automotive Retail
APP,2026-05-18,492.3800048828125,2026-05-19 20:46:39.446045,,,,,,Information Technology,Application Software
NKE,2026-05-18,42.56999969482422,2026-05-19 20:46:39.446045,,,,,,Consumer Discretionary,"Apparel, Accessories & Luxury Goods"
DDOG,2026-05-18,208.82000732421875,2026-05-19 20:46:39.446045,,,,,,Information Technology,Application Software
REG,2026-05-18,77.33000183105469,2026-05-19 20:46:39.446045,,,,,,Real Estate,Retail REITs
APH,2026-05-18,121.72000122070312,2026-05-19 20:46:39.446045,,,,,,Information Technology,Electronic Components
AAPL,2026-05-18,297.8399963378906,2026-05-19 20:46:39.446045,,,,,,Information Technology,"Technology Hardware, Storage & Peripherals"
EXC,2026-05-18,43.970001220703125,2026-05-19 20:46:39.446045,,,,,,Utilities,Electric Utilities
CI,2026-05-18,286.69000244140625,2026-05-19 20:46:39.446045,,,,,,Health Care,Health Care Services
CPAY,2026-05-18,348.5,2026-05-19 20:46:39.446045,,,,,,Financials,Transaction & Payment Processing Services
ICE,2026-05-18,155.99000549316406,2026-05-19 20:46:39.446045,,,,,,Financials,Financial Exchanges & Data
BA,2026-05-18,220.61000061035156,2026-05-19 20:46:39.446045,,,,,,Industrials,Aerospace & Defense
TAP,2026-05-18,41.68000030517578,2026-05-19 20:46:39.446045,,,,,,Consumer Staples,Brewers
TDG,2026-05-18,1182.3499755859375,2026-05-19 20:46:39.446045,,,,,,Industrials,Aerospace & Defense
NDSN,2026-05-18,276.760009765625,2026-05-19 20:46:39.446045,,,,,,Industrials,Industrial Machinery & Supplies & Components
VZ,2026-05-18,46.7599983215332,2026-05-19 20:46:39.446045,,,,,,Communication Services,Integrated Telecommunication Services
PFE,2026-05-18,25.329999923706055,2026-05-19 20:46:39.446045,,,,,,Health Care,Pharmaceuticals
NDAQ,2026-05-18,92.5999984741211,2026-05-19 20:46:39.446045,,,,,,Financials,Financial Exchanges & Data
GRMN,2026-05-18,226.88999938964844,2026-05-19 20:46:39.446045,,,,,,Consumer Discretionary,Consumer Electronics
TRV,2026-05-18,305.989990234375,2026-05-19 20:46:39.446045,,,,,,Financials,Property & Casualty Insurance
SYK,2026-05-18,313.2200012207031,2026-05-19 20:46:39.446045,,,,,,Health Care,Health Care Equipment
PAYX,2026-05-18,94.48999786376953,2026-05-19 20:46:39.446045,,,,,,Industrials,Human Resource & Employment Services
TXT,2026-05-18,90.58999633789062,2026-05-19 20:46:39.446045,,,,,,Industrials,Aerospace & Defense
CTSH,2026-05-18,51.400001525878906,2026-05-19 20:46:39.446045,,,,,,Information Technology,IT Consulting & Other Services
LUV,2026-05-18,38.36000061035156,2026-05-19 20:46:39.446045,,,,,,Industrials,Passenger Airlines
CPT,2026-05-18,104.61000061035156,2026-05-19 20:46:39.446045,,,,,,Real Estate,Multi-Family Residential REITs
BRK-B,2026-05-18,488.3800048828125,2026-05-19 20:46:39.446045,,,,,,Financials,Multi-Sector Holdings
PWR,2026-05-18,723.030029296875,2026-05-19 20:46:39.446045,,,,,,Industrials,Construction & Engineering
LW,2026-05-18,43.650001525878906,2026-05-19 20:46:39.446045,,,,,,,
AEP,2026-05-18,127.68000030517578,2026-05-19 20:46:39.446045,,,,,,Utilities,Electric Utilities
NVDA,2026-05-18,222.32000732421875,2026-05-19 20:46:39.446045,,,,,,Information Technology,Semiconductors
ROP,2026-05-18,331.010009765625,2026-05-19 20:46:39.446045,,,,,,Information Technology,Electronic Equipment & Instruments
BAC,2026-05-18,50.689998626708984,2026-05-19 20:46:39.446045,,,,,,Financials,Diversified Banks
GEN,2026-05-18,24.34000015258789,2026-05-19 20:46:39.446045,,,,,,Information Technology,Systems Software
XEL,2026-05-18,78.0999984741211,2026-05-19 20:46:39.446045,,,,,,Utilities,Multi-Utilities
CDNS,2026-05-18,345.989990234375,2026-05-19 20:46:39.446045,,,,,,Information Technology,Application Software
WAB,2026-05-18,260.1700134277344,2026-05-19 20:46:39.446045,,,,,,Industrials,Construction Machinery & Heavy Transportation Equipment
DIS,2026-05-18,103.91000366210938,2026-05-19 20:46:39.446045,,,,,,Communication Services,Movies & Entertainment
ACGL,2026-05-18,95.87000274658203,2026-05-19 20:46:39.446045,,,,,,Financials,Property & Casualty Insurance
ZBH,2026-05-18,85.13999938964844,2026-05-19 20:46:39.446045,,,,,,Health Care,Health Care Equipment
PAYC,2026-05-18,139.17999267578125,2026-05-19 20:46:39.446045,,,,,,,
ABBV,2026-05-18,209.41000366210938,2026-05-19 20:46:39.446045,,,,,,Health Care,Biotechnology
GDDY,2026-05-18,91.38999938964844,2026-05-19 20:46:39.446045,,,,,,Information Technology,Internet Services & Infrastructure
GPN,2026-05-18,68.66999816894531,2026-05-19 20:46:39.446045,,,,,,Financials,Transaction & Payment Processing Services
FE,2026-05-18,44.31999969482422,2026-05-19 20:46:39.446045,,,,,,Utilities,Electric Utilities
ULTA,2026-05-18,479.8699951171875,2026-05-19 20:46:39.446045,,,,,,Consumer Discretionary,Other Specialty Retail
V,2026-05-18,332.6400146484375,2026-05-19 20:46:39.446045,,,,,,Financials,Transaction & Payment Processing Services
IEX,2026-05-18,208.6300048828125,2026-05-19 20:46:39.446045,,,,,,Industrials,Industrial Machinery & Supplies & Components
EG,2026-05-18,355.82000732421875,2026-05-19 20:46:39.446045,,,,,,Financials,Reinsurance
PCG,2026-05-18,15.850000381469727,2026-05-19 20:46:39.446045,,,,,,Utilities,Multi-Utilities
MRK,2026-05-18,112.55999755859375,2026-05-19 20:46:39.446045,,,,,,Health Care,Pharmaceuticals
JNJ,2026-05-18,228.9199981689453,2026-05-19 20:46:39.446045,,,,,,Health Care,Pharmaceuticals
SJM,2026-05-18,103.63999938964844,2026-05-19 20:46:39.446045,,,,,,Consumer Staples,Packaged Foods & Meats
WBD,2026-05-18,27.100000381469727,2026-05-19 20:46:39.446045,,,,,,Communication Services,Broadcasting
IVZ,2026-05-18,27.389999389648438,2026-05-19 20:46:39.446045,,,,,,Financials,Asset Management & Custody Banks
AMP,2026-05-18,471.17999267578125,2026-05-19 20:46:39.446045,,,,,,Financials,Asset Management & Custody Banks
MCO,2026-05-18,443.4100036621094,2026-05-19 20:46:39.446045,,,,,,Financials,Financial Exchanges & Data
TYL,2026-05-18,320.7900085449219,2026-05-19 20:46:39.446045,,,,,,Information Technology,Application Software
SW,2026-05-18,37.349998474121094,2026-05-19 20:46:39.446045,,,,,,Materials,Paper & Plastic Packaging Products & Materials
CTAS,2026-05-18,174.50999450683594,2026-05-19 20:46:39.446045,,,,,,Industrials,Diversified Support Services
KMI,2026-05-18,33.779998779296875,2026-05-19 20:46:39.446045,,,,,,Energy,Oil & Gas Storage & Transportation
PRU,2026-05-18,102.9800033569336,2026-05-19 20:46:39.446045,,,,,,Financials,Life & Health Insurance
KKR,2026-05-18,95.97000122070312,2026-05-19 20:46:39.446045,,,,,,Financials,Asset Management & Custody Banks
WM,2026-05-18,222.72999572753906,2026-05-19 20:46:39.446045,,,,,,Industrials,Environmental & Facilities Services
CLX,2026-05-18,92.81999969482422,2026-05-19 20:46:39.446045,,,,,,Consumer Staples,Household Products
SO,2026-05-18,93.70999908447266,2026-05-19 20:46:39.446045,,,,,,Utilities,Electric Utilities
WELL,2026-05-18,212.61000061035156,2026-05-19 20:46:39.446045,,,,,,Real Estate,Health Care REITs
UNH,2026-05-18,391.1300048828125,2026-05-19 20:46:39.446045,,,,,,Health Care,Managed Health Care
SRE,2026-05-18,90.2300033569336,2026-05-19 20:46:39.446045,,,,,,Utilities,Multi-Utilities
EQT,2026-05-18,57.45000076293945,2026-05-19 20:46:39.446045,,,,,,Energy,Oil & Gas Exploration & Production
MNST,2026-05-18,88.54000091552734,2026-05-19 20:46:39.446045,,,,,,Consumer Staples,Soft Drinks & Non-alcoholic Beverages
TECH,2026-05-18,44.43000030517578,2026-05-19 20:46:39.446045,,,,,,Health Care,Life Sciences Tools & Services
SNDK,2026-05-18,1333.010009765625,2026-05-19 20:46:39.446045,,,,,,Information Technology,"Technology Hardware, Storage & Peripherals"
FTNT,2026-05-18,126.5,2026-05-19 20:46:39.446045,,,,,,Information Technology,Systems Software
CRWD,2026-05-18,618.8300170898438,2026-05-19 20:46:39.446045,,,,,,Information Technology,Systems Software
AFL,2026-05-18,118.66999816894531,2026-05-19 20:46:39.446045,,,,,,Financials,Life & Health Insurance
OXY,2026-05-18,59.70000076293945,2026-05-19 20:46:39.446045,,,,,,Energy,Oil & Gas Exploration & Production
NTAP,2026-05-18,120.5999984741211,2026-05-19 20:46:39.446045,,,,,,Information Technology,"Technology Hardware, Storage & Peripherals"
SOLV,2026-05-18,76.12999725341797,2026-05-19 20:46:39.446045,,,,,,Health Care,Health Care Technology
HON,2026-05-18,217.22999572753906,2026-05-19 20:46:39.446045,,,,,,Industrials,Industrial Conglomerates
ACN,2026-05-18,177.5500030517578,2026-05-19 20:46:39.446045,,,,,,Information Technology,IT Consulting & Other Services
KLAC,2026-05-18,1756.449951171875,2026-05-19 20:46:39.446045,,,,,,Information Technology,Semiconductor Materials & Equipment
LYV,2026-05-18,167.49000549316406,2026-05-19 20:46:39.446045,,,,,,Communication Services,Movies & Entertainment
NOC,2026-05-18,550.0,2026-05-19 20:46:39.446045,,,,,,Industrials,Aerospace & Defense
DVN,2026-05-18,49.68000030517578,2026-05-19 20:46:39.446045,,,,,,Energy,Oil & Gas Exploration & Production
MSFT,2026-05-18,423.5400085449219,2026-05-19 20:46:39.446045,,,,,,Information Technology,Systems Software
TSN,2026-05-18,66.68000030517578,2026-05-19 20:46:39.446045,,,,,,Consumer Staples,Packaged Foods & Meats
MCK,2026-05-18,775.969970703125,2026-05-19 20:46:39.446045,,,,,,Health Care,Health Care Distributors
TKO,2026-05-18,194.07000732421875,2026-05-19 20:46:39.446045,,,,,,Communication Services,Movies & Entertainment
HUM,2026-05-18,306.0,2026-05-19 20:46:39.446045,,,,,,Health Care,Managed Health Care
PNR,2026-05-18,73.41000366210938,2026-05-19 20:46:39.446045,,,,,,Industrials,Industrial Machinery & Supplies & Components
AXP,2026-05-18,312.239990234375,2026-05-19 20:46:39.446045,,,,,,Financials,Consumer Finance
DECK,2026-05-18,94.61000061035156,2026-05-19 20:46:39.446045,,,,,,Consumer Discretionary,Footwear
CME,2026-05-18,305.1199951171875,2026-05-19 20:46:39.446045,,,,,,Financials,Financial Exchanges & Data
CSGP,2026-05-18,33.20000076293945,2026-05-19 20:46:39.446045,,,,,,Real Estate,Real Estate Services
REGN,2026-05-18,629.6799926757812,2026-05-19 20:46:39.446045,,,,,,Health Care,Biotechnology
PH,2026-05-18,858.4299926757812,2026-05-19 20:46:39.446045,,,,,,Industrials,Industrial Machinery & Supplies & Components
AVB,2026-05-18,185.25,2026-05-19 20:46:39.446045,,,,,,Real Estate,Multi-Family Residential REITs
BLDR,2026-05-18,70.18000030517578,2026-05-19 20:46:39.446045,,,,,,Industrials,Building Products
STLD,2026-05-18,228.5800018310547,2026-05-19 20:46:39.446045,,,,,,Materials,Steel
RJF,2026-05-18,154.4600067138672,2026-05-19 20:46:39.446045,,,,,,Financials,Investment Banking & Brokerage
TTWO,2026-05-18,242.16000366210938,2026-05-19 20:46:39.446045,,,,,,Communication Services,Interactive Home Entertainment
OMC,2026-05-18,73.13999938964844,2026-05-19 20:46:39.446045,,,,,,Communication Services,Advertising
VRSK,2026-05-18,171.52000427246094,2026-05-19 20:46:39.446045,,,,,,Industrials,Research & Consulting Services
CAG,2026-05-18,13.789999961853027,2026-05-19 20:46:39.446045,,,,,,Consumer Staples,Packaged Foods & Meats
FDX,2026-05-18,369.7200012207031,2026-05-19 20:46:39.446045,,,,,,Industrials,Air Freight & Logistics
CINF,2026-05-18,167.64999389648438,2026-05-19 20:46:39.446045,,,,,,Financials,Property & Casualty Insurance
SLB,2026-05-18,57.150001525878906,2026-05-19 20:46:39.446045,,,,,,Energy,Oil & Gas Equipment & Services
PNC,2026-05-18,213.72000122070312,2026-05-19 20:46:39.446045,,,,,,Financials,Diversified Banks
MAS,2026-05-18,65.52999877929688,2026-05-19 20:46:39.446045,,,,,,Industrials,Building Products
LIN,2026-05-18,510.8599853515625,2026-05-19 20:46:39.446045,,,,,,Materials,Industrial Gases
META,2026-05-18,611.2100219726562,2026-05-19 20:46:39.446045,,,,,,Communication Services,Interactive Media & Services
AJG,2026-05-18,207.14999389648438,2026-05-19 20:46:39.446045,,,,,,Financials,Insurance Brokers
MAA,2026-05-18,128.25,2026-05-19 20:46:39.446045,,,,,,Real Estate,Multi-Family Residential REITs
BDX,2026-05-18,142.35000610351562,2026-05-19 20:46:39.446045,,,,,,Health Care,Health Care Equipment
FAST,2026-05-18,44.0,2026-05-19 20:46:39.446045,,,,,,Industrials,Trading Companies & Distributors
TROW,2026-05-18,102.37999725341797,2026-05-19 20:46:39.446045,,,,,,Financials,Asset Management & Custody Banks
MSI,2026-05-18,410.2699890136719,2026-05-19 20:46:39.446045,,,,,,Information Technology,Communications Equipment
ON,2026-05-18,109.43000030517578,2026-05-19 20:46:39.446045,,,,,,Information Technology,Semiconductors
VICI,2026-05-18,28.5,2026-05-19 20:46:39.446045,,,,,,Real Estate,Hotel & Resort REITs
EW,2026-05-18,82.38999938964844,2026-05-19 20:46:39.446045,,,,,,Health Care,Health Care Equipment
NVR,2026-05-18,5716.77978515625,2026-05-19 20:46:39.446045,,,,,,Consumer Discretionary,Homebuilding
AIG,2026-05-18,78.36000061035156,2026-05-19 20:46:39.446045,,,,,,Financials,Multi-line Insurance
BEN,2026-05-18,31.969999313354492,2026-05-19 20:46:39.446045,,,,,,Financials,Asset Management & Custody Banks
AKAM,2026-05-18,150.77000427246094,2026-05-19 20:46:39.446045,,,,,,Information Technology,Internet Services & Infrastructure
NTRS,2026-05-18,165.27000427246094,2026-05-19 20:46:39.446045,,,,,,Financials,Asset Management & Custody Banks
DHI,2026-05-18,137.49000549316406,2026-05-19 20:46:39.446045,,,,,,Consumer Discretionary,Homebuilding
CNC,2026-05-18,58.22999954223633,2026-05-19 20:46:39.446045,,,,,,Health Care,Managed Health Care
MO,2026-05-18,73.72000122070312,2026-05-19 20:46:39.446045,,,,,,Consumer Staples,Tobacco
BKNG,2026-05-18,155.07000732421875,2026-05-19 20:46:39.446045,,,,,,Consumer Discretionary,"Hotels, Resorts & Cruise Lines"
ABT,2026-05-18,87.91000366210938,2026-05-19 20:46:39.446045,,,,,,Health Care,Health Care Equipment
MA,2026-05-18,505.7900085449219,2026-05-19 20:46:39.446045,,,,,,Financials,Transaction & Payment Processing Services
HD,2026-05-18,299.80999755859375,2026-05-19 20:46:39.446045,,,,,,Consumer Discretionary,Home Improvement Retail
APA,2026-05-18,40.150001525878906,2026-05-19 20:46:39.446045,,,,,,Energy,Oil & Gas Exploration & Production
GWW,2026-05-18,1265.030029296875,2026-05-19 20:46:39.446045,,,,,,Industrials,Industrial Machinery & Supplies & Components
WMB,2026-05-18,77.69000244140625,2026-05-19 20:46:39.446045,,,,,,Energy,Oil & Gas Storage & Transportation
MSCI,2026-05-18,584.1300048828125,2026-05-19 20:46:39.446045,,,,,,Financials,Financial Exchanges & Data
EQIX,2026-05-18,1062.6199951171875,2026-05-19 20:46:39.446045,,,,,,Real Estate,Data Center REITs
MOH,2026-05-18,184.8800048828125,2026-05-19 20:46:39.446045,,,,,,,
IP,2026-05-18,30.399999618530273,2026-05-19 20:46:39.446045,,,,,,Materials,Paper & Plastic Packaging Products & Materials
AON,2026-05-18,326.57000732421875,2026-05-19 20:46:39.446045,,,,,,Financials,Insurance Brokers
TTD,2026-05-18,22.270000457763672,2026-05-19 20:46:39.446045,,,,,,Communication Services,Advertising
BKR,2026-05-18,66.20999908447266,2026-05-19 20:46:39.446045,,,,,,Energy,Oil & Gas Equipment & Services
PFG,2026-05-18,102.4000015258789,2026-05-19 20:46:39.446045,,,,,,Financials,Life & Health Insurance
MU,2026-05-18,681.5399780273438,2026-05-19 20:46:39.446045,,,,,,Information Technology,Semiconductors
CMCSA,2026-05-18,24.93000030517578,2026-05-19 20:46:39.446045,,,,,,Communication Services,Cable & Satellite
PANW,2026-05-18,247.5500030517578,2026-05-19 20:46:39.446045,,,,,,Information Technology,Systems Software
GNRC,2026-05-18,253.0500030517578,2026-05-19 20:46:39.446045,,,,,,Industrials,Electrical Components & Equipment
BAX,2026-05-18,17.790000915527344,2026-05-19 20:46:39.446045,,,,,,Health Care,Health Care Equipment
VRSN,2026-05-18,305.30999755859375,2026-05-19 20:46:39.446045,,,,,,Information Technology,Internet Services & Infrastructure
EBAY,2026-05-18,114.43000030517578,2026-05-19 20:46:39.446045,,,,,,Consumer Discretionary,Broadline Retail
URI,2026-05-18,944.5700073242188,2026-05-19 20:46:39.446045,,,,,,Industrials,Trading Companies & Distributors
ETN,2026-05-18,381.8699951171875,2026-05-19 20:46:39.446045,,,,,,Industrials,Electrical Components & Equipment
O,2026-05-18,61.709999084472656,2026-05-19 20:46:39.446045,,,,,,Real Estate,Retail REITs
TPL,2026-05-18,386.6099853515625,2026-05-19 20:46:39.446045,,,,,,Energy,Oil & Gas Exploration & Production
IRM,2026-05-18,123.95999908447266,2026-05-19 20:46:39.446045,,,,,,Real Estate,Other Specialized REITs
BMY,2026-05-18,57.310001373291016,2026-05-19 20:46:39.446045,,,,,,Health Care,Pharmaceuticals
TT,2026-05-18,460.4200134277344,2026-05-19 20:46:39.446045,,,,,,Industrials,Building Products
FSLR,2026-05-18,233.63999938964844,2026-05-19 20:46:39.446045,,,,,,Information Technology,Semiconductors
MDT,2026-05-18,77.31999969482422,2026-05-19 20:46:39.446045,,,,,,Health Care,Health Care Equipment
GILD,2026-05-18,129.6699981689453,2026-05-19 20:46:39.446045,,,,,,Health Care,Biotechnology
MET,2026-05-18,81.41000366210938,2026-05-19 20:46:39.446045,,,,,,Financials,Life & Health Insurance
ORCL,2026-05-18,186.61000061035156,2026-05-19 20:46:39.446045,,,,,,Information Technology,Application Software
TER,2026-05-18,321.04998779296875,2026-05-19 20:46:39.446045,,,,,,Information Technology,Semiconductor Materials & Equipment
GOOGL,2026-05-18,396.94000244140625,2026-05-19 20:46:39.446045,,,,,,Communication Services,Interactive Media & Services
COR,2026-05-18,261.8699951171875,2026-05-19 20:46:39.446045,,,,,,Health Care,Health Care Distributors
MTD,2026-05-18,1074.8399658203125,2026-05-19 20:46:39.446045,,,,,,Health Care,Life Sciences Tools & Services
ANET,2026-05-18,141.7100067138672,2026-05-19 20:46:39.446045,,,,,,Information Technology,Communications Equipment
WEC,2026-05-18,109.55000305175781,2026-05-19 20:46:39.446045,,,,,,Utilities,Electric Utilities
IBKR,2026-05-18,86.12000274658203,2026-05-19 20:46:39.446045,,,,,,Financials,Investment Banking & Brokerage
NEM,2026-05-18,109.8499984741211,2026-05-19 20:46:39.446045,,,,,,Materials,Gold
COST,2026-05-18,1076.469970703125,2026-05-19 20:46:39.446045,,,,,,Consumer Staples,Consumer Staples Merchandise Retail
EXE,2026-05-18,98.44999694824219,2026-05-19 20:46:39.446045,,,,,,Energy,Oil & Gas Exploration & Production
TPR,2026-05-18,131.1699981689453,2026-05-19 20:46:39.446045,,,,,,Consumer Discretionary,"Apparel, Accessories & Luxury Goods"
PCAR,2026-05-18,111.68000030517578,2026-05-19 20:46:39.446045,,,,,,Industrials,Construction Machinery & Heavy Transportation Equipment
CNP,2026-05-18,41.720001220703125,2026-05-19 20:46:39.446045,,,,,,Utilities,Multi-Utilities
ATO,2026-05-18,178.52000427246094,2026-05-19 20:46:39.446045,,,,,,Utilities,Gas Utilities
VLTO,2026-05-18,86.70999908447266,2026-05-19 20:46:39.446045,,,,,,Industrials,Environmental & Facilities Services
HRL,2026-05-18,20.3799991607666,2026-05-19 20:46:39.446045,,,,,,Consumer Staples,Packaged Foods & Meats
A,2026-05-18,112.11000061035156,2026-05-19 20:46:39.446045,,,,,,Health Care,Life Sciences Tools & Services
GOOG,2026-05-18,393.1099853515625,2026-05-19 20:46:39.446045,,,,,,Communication Services,Interactive Media & Services
KVUE,2026-05-18,17.18000030517578,2026-05-19 20:46:39.446045,,,,,,Consumer Staples,Personal Care Products
LULU,2026-05-18,120.26000213623047,2026-05-19 20:46:39.446045,,,,,,Consumer Discretionary,"Apparel, Accessories & Luxury Goods"
FRT,2026-05-18,114.93000030517578,2026-05-19 20:46:39.446045,,,,,,Real Estate,Retail REITs
ROK,2026-05-18,436.3599853515625,2026-05-19 20:46:39.446045,,,,,,Industrials,Electrical Components & Equipment
ALL,2026-05-18,221.2100067138672,2026-05-19 20:46:39.446045,,,,,,Financials,Property & Casualty Insurance
EQR,2026-05-18,65.43000030517578,2026-05-19 20:46:39.446045,,,,,,Real Estate,Multi-Family Residential REITs
UPS,2026-05-18,95.52999877929688,2026-05-19 20:46:39.446045,,,,,,Industrials,Air Freight & Logistics
HIG,2026-05-18,136.55999755859375,2026-05-19 20:46:39.446045,,,,,,Financials,Property & Casualty Insurance
JPM,2026-05-18,300.7300109863281,2026-05-19 20:46:39.446045,,,,,,Financials,Diversified Banks
UBER,2026-05-18,75.08000183105469,2026-05-19 20:46:39.446045,,,,,,Industrials,Passenger Ground Transportation
WST,2026-05-18,304.4100036621094,2026-05-19 20:46:39.446045,,,,,,Health Care,Health Care Supplies
CFG,2026-05-18,61.15999984741211,2026-05-19 20:46:39.446045,,,,,,Financials,Regional Banks
NWS,2026-05-18,30.229999542236328,2026-05-19 20:46:39.446045,,,,,,Communication Services,Publishing
UNP,2026-05-18,275.1300048828125,2026-05-19 20:46:39.446045,,,,,,Industrials,Rail Transportation
PEG,2026-05-18,76.83999633789062,2026-05-19 20:46:39.446045,,,,,,Utilities,Electric Utilities
AWK,2026-05-18,124.83000183105469,2026-05-19 20:46:39.446045,,,,,,Utilities,Water Utilities
D,2026-05-18,67.55999755859375,2026-05-19 20:46:39.446045,,,,,,Utilities,Multi-Utilities
TJX,2026-05-18,150.25,2026-05-19 20:46:39.446045,,,,,,Consumer Discretionary,Apparel Retail
NUE,2026-05-18,226.47999572753906,2026-05-19 20:46:39.446045,,,,,,Materials,Steel
OKE,2026-05-18,93.76000213623047,2026-05-19 20:46:39.446045,,,,,,Energy,Oil & Gas Storage & Transportation
LLY,2026-05-18,988.0900268554688,2026-05-19 20:46:39.446045,,,,,,Health Care,Pharmaceuticals
NXPI,2026-05-18,291.67999267578125,2026-05-19 20:46:39.446045,,,,,,Information Technology,Semiconductors
WSM,2026-05-18,169.16000366210938,2026-05-19 20:46:39.446045,,,,,,Consumer Discretionary,Homefurnishing Retail
MCD,2026-05-18,282.4700012207031,2026-05-19 20:46:39.446045,,,,,,Consumer Discretionary,Restaurants
HAS,2026-05-18,93.72000122070312,2026-05-19 20:46:39.446045,,,,,,Consumer Discretionary,Leisure Products
PSKY,2026-05-18,9.819999694824219,2026-05-19 20:46:39.446045,,,,,,Communication Services,Movies & Entertainment
EME,2026-05-18,877.1900024414062,2026-05-19 20:46:39.446045,,,,,,Industrials,Construction & Engineering
MGM,2026-05-18,37.09000015258789,2026-05-19 20:46:39.446045,,,,,,Consumer Discretionary,Casinos & Gaming
CSX,2026-05-18,46.20000076293945,2026-05-19 20:46:39.446045,,,,,,Industrials,Rail Transportation
SBUX,2026-05-18,106.5999984741211,2026-05-19 20:46:39.446045,,,,,,Consumer Discretionary,Restaurants
IQV,2026-05-18,172.80999755859375,2026-05-19 20:46:39.446045,,,,,,Health Care,Life Sciences Tools & Services
LNT,2026-05-18,72.08999633789062,2026-05-19 20:46:39.446045,,,,,,Utilities,Electric Utilities
HLT,2026-05-18,318.1400146484375,2026-05-19 20:46:39.446045,,,,,,Consumer Discretionary,"Hotels, Resorts & Cruise Lines"
GM,2026-05-18,73.0999984741211,2026-05-19 20:46:39.446045,,,,,,Consumer Discretionary,Automobile Manufacturers
EA,2026-05-18,201.0500030517578,2026-05-19 20:46:39.446045,,,,,,Communication Services,Interactive Home Entertainment
JKHY,2026-05-18,139.11000061035156,2026-05-19 20:46:39.446045,,,,,,Financials,Transaction & Payment Processing Services
HPQ,2026-05-18,20.920000076293945,2026-05-19 20:46:39.446045,,,,,,Information Technology,"Technology Hardware, Storage & Peripherals"
MAR,2026-05-18,359.17999267578125,2026-05-19 20:46:39.446045,,,,,,Consumer Discretionary,"Hotels, Resorts & Cruise Lines"
INTU,2026-05-18,403.1600036621094,2026-05-19 20:46:39.446045,,,,,,Information Technology,Application Software
FISV,2026-05-18,56.65999984741211,2026-05-19 20:46:39.446045,,,,,,Financials,Transaction & Payment Processing Services
CHD,2026-05-18,96.77999877929688,2026-05-19 20:46:39.446045,,,,,,Consumer Staples,Household Products
GIS,2026-05-18,33.45000076293945,2026-05-19 20:46:39.446045,,,,,,Consumer Staples,Packaged Foods & Meats
TRMB,2026-05-18,55.02000045776367,2026-05-19 20:46:39.446045,,,,,,Information Technology,Application Software
AOS,2026-05-18,56.70000076293945,2026-05-19 20:46:39.446045,,,,,,Industrials,Building Products
TMUS,2026-05-18,190.64999389648438,2026-05-19 20:46:39.446045,,,,,,Communication Services,Wireless Telecommunication Services
FFIV,2026-05-18,379.739990234375,2026-05-19 20:46:39.446045,,,,,,Information Technology,Communications Equipment
C,2026-05-18,122.41000366210938,2026-05-19 20:46:39.446045,,,,,,Financials,Diversified Banks
APTV,2026-05-18,53.0099983215332,2026-05-19 20:46:39.446045,,,,,,Consumer Discretionary,Automotive Parts & Equipment
FOX,2026-05-18,58.9900016784668,2026-05-19 20:46:39.446045,,,,,,Communication Services,Broadcasting
GEHC,2026-05-18,61.5099983215332,2026-05-19 20:46:39.446045,,,,,,Health Care,Health Care Equipment
PLTR,2026-05-18,135.13999938964844,2026-05-19 20:46:39.446045,,,,,,Information Technology,Application Software
BBY,2026-05-18,57.880001068115234,2026-05-19 20:46:39.446045,,,,,,Consumer Discretionary,Computer & Electronics Retail
FIX,2026-05-18,1854.4300537109375,2026-05-19 20:46:39.446045,,,,,,Industrials,Construction & Engineering
FOXA,2026-05-18,65.87000274658203,2026-05-19 20:46:39.446045,,,,,,Communication Services,Broadcasting
ECL,2026-05-18,249.2100067138672,2026-05-19 20:46:39.446045,,,,,,Materials,Specialty Chemicals
LYB,2026-05-18,74.12999725341797,2026-05-19 20:46:39.446045,,,,,,Materials,Specialty Chemicals
ZBRA,2026-05-18,260.05999755859375,2026-05-19 20:46:39.446045,,,,,,Information Technology,Electronic Equipment & Instruments
Q,2026-05-18,149.02999877929688,2026-05-19 20:46:39.446045,,,,,,Information Technology,Semiconductor Materials & Equipment
RSG,2026-05-18,214.52000427246094,2026-05-19 20:46:39.446045,,,,,,Industrials,Environmental & Facilities Services
AMZN,2026-05-18,264.8599853515625,2026-05-19 20:46:39.446045,,,,,,Consumer Discretionary,Broadline Retail
CHRW,2026-05-18,169.72000122070312,2026-05-19 20:46:39.446045,,,,,,Industrials,Air Freight & Logistics
CDW,2026-05-18,104.04000091552734,2026-05-19 20:46:39.446045,,,,,,Information Technology,Technology Distributors
LRCX,2026-05-18,277.9599914550781,2026-05-19 20:46:39.446045,,,,,,Information Technology,Semiconductor Materials & Equipment
SWKS,2026-05-18,70.3499984741211,2026-05-19 20:46:39.446045,,,,,,Information Technology,Semiconductors
DLTR,2026-05-18,91.2300033569336,2026-05-19 20:46:39.446045,,,,,,Consumer Staples,Consumer Staples Merchandise Retail
PGR,2026-05-18,204.0,2026-05-19 20:46:39.446045,,,,,,Financials,Property & Casualty Insurance
KIM,2026-05-18,23.469999313354492,2026-05-19 20:46:39.446045,,,,,,Real Estate,Retail REITs
PYPL,2026-05-18,44.3849983215332,2026-05-19 20:46:39.446045,,,,,,Financials,Transaction & Payment Processing Services
GEV,2026-05-18,1012.25,2026-05-19 20:46:39.446045,,,,,,Industrials,Heavy Electrical Equipment
HUBB,2026-05-18,470.8699951171875,2026-05-19 20:46:39.446045,,,,,,Industrials,Industrial Machinery & Supplies & Components
STX,2026-05-18,740.8400268554688,2026-05-19 20:46:39.446045,,,,,,Information Technology,"Technology Hardware, Storage & Peripherals"
UAL,2026-05-18,92.55000305175781,2026-05-19 20:46:39.446045,,,,,,Industrials,Passenger Airlines
HPE,2026-05-18,33.0,2026-05-19 20:46:39.446045,,,,,,Information Technology,"Technology Hardware, Storage & Peripherals"
HBAN,2026-05-18,15.569999694824219,2026-05-19 20:46:39.446045,,,,,,Financials,Regional Banks
BIIB,2026-05-18,191.91000366210938,2026-05-19 20:46:39.446045,,,,,,Health Care,Biotechnology
SBAC,2026-05-18,203.33999633789062,2026-05-19 20:46:39.446045,,,,,,Real Estate,Telecom Tower REITs
TSCO,2026-05-18,31.719999313354492,2026-05-19 20:46:39.446045,,,,,,Consumer Discretionary,Other Specialty Retail
KEY,2026-05-18,21.06999969482422,2026-05-19 20:46:39.446045,,,,,,Financials,Regional Banks
RTX,2026-05-18,175.9499969482422,2026-05-19 20:46:39.446045,,,,,,Industrials,Aerospace & Defense
STE,2026-05-18,212.8699951171875,2026-05-19 20:46:39.446045,,,,,,Health Care,Health Care Equipment
STZ,2026-05-18,147.5800018310547,2026-05-19 20:46:39.446045,,,,,,Consumer Staples,Distillers & Vintners
AMCR,2026-05-18,37.4900016784668,2026-05-19 20:46:39.446045,,,,,,Materials,Paper & Plastic Packaging Products & Materials
ITW,2026-05-18,249.4600067138672,2026-05-19 20:46:39.446045,,,,,,Industrials,Industrial Machinery & Supplies & Components
TGT,2026-05-18,123.4000015258789,2026-05-19 20:46:39.446045,,,,,,Consumer Staples,Consumer Staples Merchandise Retail
MLM,2026-05-18,555.780029296875,2026-05-19 20:46:39.446045,,,,,,Materials,Construction Materials
SHW,2026-05-18,302.7799987792969,2026-05-19 20:46:39.446045,,,,,,Materials,Specialty Chemicals
EIX,2026-05-18,68.44000244140625,2026-05-19 20:46:39.446045,,,,,,Utilities,Electric Utilities
LOW,2026-05-18,218.02000427246094,2026-05-19 20:46:39.446045,,,,,,Consumer Discretionary,Home Improvement Retail
J,2026-05-18,113.61000061035156,2026-05-19 20:46:39.446045,,,,,,Industrials,Construction & Engineering
FTV,2026-05-18,59.0099983215332,2026-05-19 20:46:39.446045,,,,,,Industrials,Industrial Machinery & Supplies & Components
FCX,2026-05-18,60.5,2026-05-19 20:46:39.446045,,,,,,Materials,Copper
CAH,2026-05-18,199.77000427246094,2026-05-19 20:46:39.446045,,,,,,Health Care,Health Care Distributors
DAL,2026-05-18,70.23999786376953,2026-05-19 20:46:39.446045,,,,,,Industrials,Passenger Airlines
TRGP,2026-05-18,274.70001220703125,2026-05-19 20:46:39.446045,,,,,,Energy,Oil & Gas Storage & Transportation
OTIS,2026-05-18,71.12999725341797,2026-05-19 20:46:39.446045,,,,,,Industrials,Industrial Machinery & Supplies & Components
EVRG,2026-05-18,81.95999908447266,2026-05-19 20:46:39.446045,,,,,,Utilities,Electric Utilities
VTR,2026-05-18,88.13999938964844,2026-05-19 20:46:39.446045,,,,,,Real Estate,Health Care REITs
RF,2026-05-18,26.969999313354492,2026-05-19 20:46:39.446045,,,,,,Financials,Regional Banks
BF-B,2026-05-18,26.25,2026-05-19 20:46:39.446045,,,,,,Consumer Staples,Distillers & Vintners
DPZ,2026-05-18,308.0,2026-05-19 20:46:39.446045,,,,,,Consumer Discretionary,Restaurants
DOC,2026-05-18,19.489999771118164,2026-05-19 20:46:39.446045,,,,,,Real Estate,Health Care REITs
AZO,2026-05-18,3365.739990234375,2026-05-19 20:46:39.446045,,,,,,Consumer Discretionary,Automotive Retail
NEE,2026-05-18,89.04000091552734,2026-05-19 20:46:39.446045,,,,,,Utilities,Multi-Utilities
BK,2026-05-18,136.5800018310547,2026-05-19 20:46:39.446045,,,,,,Financials,Asset Management & Custody Banks
T,2026-05-18,24.43000030517578,2026-05-19 20:46:39.446045,,,,,,Communication Services,Integrated Telecommunication Services
AMD,2026-05-18,420.989990234375,2026-05-19 20:46:39.446045,,,,,,Information Technology,Semiconductors
CF,2026-05-18,125.22000122070312,2026-05-19 20:46:39.446045,,,,,,Materials,Fertilizers & Agricultural Chemicals
MOS,2026-05-18,21.40999984741211,2026-05-19 20:46:39.446045,,,,,,Materials,Fertilizers & Agricultural Chemicals
HAL,2026-05-18,42.779998779296875,2026-05-19 20:46:39.446045,,,,,,Energy,Oil & Gas Equipment & Services
CPRT,2026-05-18,33.439998626708984,2026-05-19 20:46:39.446045,,,,,,Industrials,Diversified Support Services
CCI,2026-05-18,89.91999816894531,2026-05-19 20:46:39.446045,,,,,,Real Estate,Telecom Tower REITs
KO,2026-05-18,81.19999694824219,2026-05-19 20:46:39.446045,,,,,,Consumer Staples,Soft Drinks & Non-alcoholic Beverages
KR,2026-05-18,68.31999969482422,2026-05-19 20:46:39.446045,,,,,,Consumer Staples,Food Retail
PTC,2026-05-18,144.05999755859375,2026-05-19 20:46:39.446045,,,,,,Information Technology,Application Software
FICO,2026-05-18,1181.8199462890625,2026-05-19 20:46:39.446045,,,,,,Information Technology,Application Software
PEP,2026-05-18,149.05999755859375,2026-05-19 20:46:39.446045,,,,,,Consumer Staples,Soft Drinks & Non-alcoholic Beverages
COF,2026-05-18,187.1699981689453,2026-05-19 20:46:39.446045,,,,,,Financials,Consumer Finance
PKG,2026-05-18,210.69000244140625,2026-05-19 20:46:39.446045,,,,,,Materials,Paper & Plastic Packaging Products & Materials
MKC,2026-05-18,46.70000076293945,2026-05-19 20:46:39.446045,,,,,,Consumer Staples,Packaged Foods & Meats
KMB,2026-05-18,96.54000091552734,2026-05-19 20:46:39.446045,,,,,,Consumer Staples,Household Products
LH,2026-05-18,255.57000732421875,2026-05-19 20:46:39.446045,,,,,,Health Care,Health Care Services
MDLZ,2026-05-18,61.63999938964844,2026-05-19 20:46:39.446045,,,,,,Consumer Staples,Packaged Foods & Meats
LMT,2026-05-18,528.3099975585938,2026-05-19 20:46:39.446045,,,,,,Industrials,Aerospace & Defense
CHTR,2026-05-18,141.2100067138672,2026-05-19 20:46:39.446045,,,,,,Communication Services,Cable & Satellite
MMM,2026-05-18,152.52999877929688,2026-05-19 20:46:39.446045,,,,,,Industrials,Industrial Conglomerates
ADSK,2026-05-18,243.49000549316406,2026-05-19 20:46:39.446045,,,,,,Information Technology,Application Software
BLK,2026-05-18,1085.8800048828125,2026-05-19 20:46:39.446045,,,,,,Financials,Asset Management & Custody Banks
AME,2026-05-18,225.66000366210938,2026-05-19 20:46:39.446045,,,,,,Industrials,Electrical Components & Equipment
CL,2026-05-18,89.91999816894531,2026-05-19 20:46:39.446045,,,,,,Consumer Staples,Household Products
ES,2026-05-18,68.08000183105469,2026-05-19 20:46:39.446045,,,,,,Utilities,Electric Utilities
LVS,2026-05-18,50.189998626708984,2026-05-19 20:46:39.446045,,,,,,Consumer Discretionary,Casinos & Gaming
JBL,2026-05-18,338.7300109863281,2026-05-19 20:46:39.446045,,,,,,Information Technology,Electronic Manufacturing Services
AEE,2026-05-18,107.37999725341797,2026-05-19 20:46:39.446045,,,,,,Utilities,Multi-Utilities
DTE,2026-05-18,141.35000610351562,2026-05-19 20:46:39.446045,,,,,,Utilities,Multi-Utilities
AES,2026-05-18,14.529999732971191,2026-05-19 20:46:39.446045,,,,,,Utilities,Independent Power Producers & Energy Traders
GD,2026-05-18,343.1099853515625,2026-05-19 20:46:39.446045,,,,,,Industrials,Aerospace & Defense
DE,2026-05-18,564.489990234375,2026-05-19 20:46:39.446045,,,,,,Industrials,Agricultural & Farm Machinery
WTW,2026-05-18,256.8599853515625,2026-05-19 20:46:39.446045,,,,,,Financials,Insurance Brokers
XOM,2026-05-18,160.49000549316406,2026-05-19 20:46:39.446045,,,,,,Energy,Integrated Oil & Gas
UDR,2026-05-18,37.459999084472656,2026-05-19 20:46:39.446045,,,,,,Real Estate,Multi-Family Residential REITs
HSY,2026-05-18,191.72999572753906,2026-05-19 20:46:39.446045,,,,,,Consumer Staples,Packaged Foods & Meats
WMT,2026-05-18,133.33999633789062,2026-05-19 20:46:39.446045,,,,,,Consumer Staples,Consumer Staples Merchandise Retail
CB,2026-05-18,330.3299865722656,2026-05-19 20:46:39.446045,,,,,,Financials,Property & Casualty Insurance
EXR,2026-05-18,139.27000427246094,2026-05-19 20:46:39.446045,,,,,,Real Estate,Self-Storage REITs
AMGN,2026-05-18,324.3900146484375,2026-05-19 20:46:39.446045,,,,,,Health Care,Biotechnology
EXPD,2026-05-18,156.77000427246094,2026-05-19 20:46:39.446045,,,,,,Industrials,Air Freight & Logistics
TXN,2026-05-18,300.6000061035156,2026-05-19 20:46:39.446045,,,,,,Information Technology,Semiconductors
XYZ,2026-05-18,70.62999725341797,2026-05-19 20:46:39.446045,,,,,,Financials,Transaction & Payment Processing Services
MTCH,2026-05-18,35.880001068115234,2026-05-19 20:46:39.446045,,,,,,,
WY,2026-05-18,22.8700008392334,2026-05-19 20:46:39.446045,,,,,,Real Estate,Timber REITs
HWM,2026-05-18,256.989990234375,2026-05-19 20:46:39.446045,,,,,,Industrials,Aerospace & Defense
SYY,2026-05-18,73.5199966430664,2026-05-19 20:46:39.446045,,,,,,Consumer Staples,Food Distributors
AVGO,2026-05-18,420.7099914550781,2026-05-19 20:46:39.446045,,,,,,Information Technology,Semiconductors
ESS,2026-05-18,272.239990234375,2026-05-19 20:46:39.446045,,,,,,Real Estate,Multi-Family Residential REITs
TMO,2026-05-18,442.0,2026-05-19 20:46:39.446045,,,,,,Health Care,Life Sciences Tools & Services
PSX,2026-05-18,179.8000030517578,2026-05-19 20:46:39.446045,,,,,,Energy,Oil & Gas Refining & Marketing
CVX,2026-05-18,196.1199951171875,2026-05-19 20:46:39.446045,,,,,,Energy,Integrated Oil & Gas
VST,2026-05-18,136.75,2026-05-19 20:46:39.446045,,,,,,Utilities,Electric Utilities
FIS,2026-05-18,43.369998931884766,2026-05-19 20:46:39.446045,,,,,,Financials,Transaction & Payment Processing Services
MPC,2026-05-18,259.5299987792969,2026-05-19 20:46:39.446045,,,,,,Energy,Oil & Gas Refining & Marketing
ED,2026-05-18,106.51000213623047,2026-05-19 20:46:39.446045,,,,,,Utilities,Multi-Utilities
DLR,2026-05-18,188.5,2026-05-19 20:46:39.446045,,,,,,Real Estate,Data Center REITs
ORLY,2026-05-18,91.73999786376953,2026-05-19 20:46:39.446045,,,,,,Consumer Discretionary,Automotive Retail
XYL,2026-05-18,108.30000305175781,2026-05-19 20:46:39.446045,,,,,,Industrials,Industrial Machinery & Supplies & Components
CTVA,2026-05-18,81.08000183105469,2026-05-19 20:46:39.446045,,,,,,Materials,Fertilizers & Agricultural Chemicals
ELV,2026-05-18,394.07000732421875,2026-05-19 20:46:39.446045,,,,,,Health Care,Managed Health Care
USB,2026-05-18,53.45000076293945,2026-05-19 20:46:39.446045,,,,,,Financials,Diversified Banks
INCY,2026-05-18,95.19000244140625,2026-05-19 20:46:39.446045,,,,,,Health Care,Biotechnology
LDOS,2026-05-18,124.83999633789062,2026-05-19 20:46:39.446045,,,,,,Industrials,Diversified Support Services
WRB,2026-05-18,68.76000213623047,2026-05-19 20:46:39.446045,,,,,,Financials,Property & Casualty Insurance
AIZ,2026-05-18,258.1700134277344,2026-05-19 20:46:39.446045,,,,,,Financials,Multi-line Insurance
MS,2026-05-18,192.69000244140625,2026-05-19 20:46:39.446045,,,,,,Financials,Investment Banking & Brokerage
AXON,2026-05-18,399.3699951171875,2026-05-19 20:46:39.446045,,,,,,Industrials,Aerospace & Defense
EOG,2026-05-18,142.99000549316406,2026-05-19 20:46:39.446045,,,,,,Energy,Oil & Gas Exploration & Production
VLO,2026-05-18,258.5199890136719,2026-05-19 20:46:39.446045,,,,,,Energy,Oil & Gas Refining & Marketing
PODD,2026-05-18,152.49000549316406,2026-05-19 20:46:39.446045,,,,,,Health Care,Health Care Equipment
FITB,2026-05-18,47.939998626708984,2026-05-19 20:46:39.446045,,,,,,Financials,Regional Banks
DOV,2026-05-18,210.8300018310547,2026-05-19 20:46:39.446045,,,,,,Industrials,Industrial Machinery & Supplies & Components
AVY,2026-05-18,156.83999633789062,2026-05-19 20:46:39.446045,,,,,,Materials,Paper & Plastic Packaging Products & Materials
PPL,2026-05-18,34.93000030517578,2026-05-19 20:46:39.446045,,,,,,Utilities,Electric Utilities
CAT,2026-05-18,863.9500122070312,2026-05-19 20:46:39.446045,,,,,,Industrials,Construction Machinery & Heavy Transportation Equipment
DGX,2026-05-18,189.83999633789062,2026-05-19 20:46:39.446045,,,,,,Health Care,Health Care Services
MCHP,2026-05-18,92.76000213623047,2026-05-19 20:46:39.446045,,,,,,Information Technology,Semiconductors
PPG,2026-05-18,103.66000366210938,2026-05-19 20:46:39.446045,,,,,,Materials,Specialty Chemicals
SYF,2026-05-18,71.05000305175781,2026-05-19 20:46:39.446045,,,,,,Financials,Consumer Finance
RMD,2026-05-18,204.14999389648438,2026-05-19 20:46:39.446045,,,,,,Health Care,Health Care Equipment
VMC,2026-05-18,266.3299865722656,2026-05-19 20:46:39.446045,,,,,,Materials,Construction Materials
NFLX,2026-05-18,89.6500015258789,2026-05-19 20:46:39.446045,,,,,,Communication Services,Movies & Entertainment
WDAY,2026-05-18,128.8800048828125,2026-05-19 20:46:39.446045,,,,,,Information Technology,Application Software
PSA,2026-05-18,296.1499938964844,2026-05-19 20:46:39.446045,,,,,,Real Estate,Self-Storage REITs
HOOD,2026-05-18,77.1500015258789,2026-05-19 20:46:39.446045,,,,,,Financials,Investment Banking & Brokerage
ALB,2026-05-18,175.74000549316406,2026-05-19 20:46:39.446045,,,,,,Materials,Specialty Chemicals
ADBE,2026-05-18,255.63999938964844,2026-05-19 20:46:39.446045,,,,,,Information Technology,Application Software
IDXX,2026-05-18,545.7899780273438,2026-05-19 20:46:39.446045,,,,,,Health Care,Health Care Equipment
JCI,2026-05-18,137.30999755859375,2026-05-19 20:46:39.446045,,,,,,Industrials,Building Products
CEG,2026-05-18,262.0,2026-05-19 20:46:39.446045,,,,,,Utilities,Electric Utilities
LEN,2026-05-18,83.81999969482422,2026-05-19 20:46:39.446045,,,,,,Consumer Discretionary,Homebuilding
RL,2026-05-18,325.8699951171875,2026-05-19 20:46:39.446045,,,,,,Consumer Discretionary,"Apparel, Accessories & Luxury Goods"
IR,2026-05-18,69.97000122070312,2026-05-19 20:46:39.446045,,,,,,Industrials,Industrial Machinery & Supplies & Components
WDC,2026-05-18,458.67999267578125,2026-05-19 20:46:39.446045,,,,,,Information Technology,"Technology Hardware, Storage & Peripherals"
ERIE,2026-05-18,221.50999450683594,2026-05-19 20:46:39.446045,,,,,,Financials,Insurance Brokers
MRSH,2026-05-18,165.97999572753906,2026-05-19 20:46:39.446045,,,,,,Financials,Insurance Brokers
NRG,2026-05-18,125.5,2026-05-19 20:46:39.446045,,,,,,Utilities,Independent Power Producers & Energy Traders
MPWR,2026-05-18,1486.3299560546875,2026-05-19 20:46:39.446045,,,,,,Information Technology,Semiconductors
COP,2026-05-18,124.54000091552734,2026-05-19 20:46:39.446045,,,,,,Energy,Oil & Gas Exploration & Production
LHX,2026-05-18,311.1600036621094,2026-05-19 20:46:39.446045,,,,,,Industrials,Aerospace & Defense
BRO,2026-05-18,58.689998626708984,2026-05-19 20:46:39.446045,,,,,,Financials,Insurance Brokers
CMG,2026-05-18,33.75,2026-05-19 20:46:39.446045,,,,,,Consumer Discretionary,Restaurants
DG,2026-05-18,106.2300033569336,2026-05-19 20:46:39.446045,,,,,,Consumer Staples,Consumer Staples Merchandise Retail
IBM,2026-05-18,222.75,2026-05-19 20:46:39.446045,,,,,,Information Technology,IT Consulting & Other Services
APO,2026-05-18,134.07000732421875,2026-05-19 20:46:39.446045,,,,,,Financials,Asset Management & Custody Banks
WYNN,2026-05-18,95.51000213623047,2026-05-19 20:46:39.446045,,,,,,Consumer Discretionary,Casinos & Gaming
BXP,2026-05-18,59.91999816894531,2026-05-19 20:46:39.446045,,,,,,Real Estate,Office REITs
NWSA,2026-05-18,26.270000457763672,2026-05-19 20:46:39.446045,,,,,,Communication Services,Publishing
VTRS,2026-05-18,16.5,2026-05-19 20:46:39.446045,,,,,,Health Care,Pharmaceuticals
ETR,2026-05-18,109.58000183105469,2026-05-19 20:46:39.446045,,,,,,Utilities,Electric Utilities
ALGN,2026-05-18,158.77999877929688,2026-05-19 20:46:39.446045,,,,,,Health Care,Health Care Supplies
AMAT,2026-05-18,413.57000732421875,2026-05-19 20:46:39.446045,,,,,,Information Technology,Semiconductor Materials & Equipment
PM,2026-05-18,191.5,2026-05-19 20:46:39.446045,,,,,,Consumer Staples,Tobacco
PNW,2026-05-18,99.76000213623047,2026-05-19 20:46:39.446045,,,,,,Utilities,Multi-Utilities
SPGI,2026-05-18,417.4100036621094,2026-05-19 20:46:39.446045,,,,,,Financials,Financial Exchanges & Data
TFC,2026-05-18,47.04999923706055,2026-05-19 20:46:39.446045,,,,,,Financials,Diversified Banks
ZTS,2026-05-18,77.72000122070312,2026-05-19 20:46:39.446045,,,,,,Health Care,Pharmaceuticals
GPC,2026-05-18,93.16999816894531,2026-05-19 20:46:39.446045,,,,,,Consumer Discretionary,Distributors
DHR,2026-05-18,163.86000061035156,2026-05-19 20:46:39.446045,,,,,,Health Care,Life Sciences Tools & Services
INTC,2026-05-18,108.16999816894531,2026-05-19 20:46:39.446045,,,,,,Information Technology,Semiconductors
SPG,2026-05-18,200.4199981689453,2026-05-19 20:46:39.446045,,,,,,Real Estate,Retail REITs
PG,2026-05-18,142.38999938964844,2026-05-19 20:46:39.446045,,,,,,Consumer Staples,Personal Care Products
ROL,2026-05-18,54.61000061035156,2026-05-19 20:46:39.446045,,,,,,Industrials,Environmental & Facilities Services
DRI,2026-05-18,193.75,2026-05-19 20:46:39.446045,,,,,,Consumer Discretionary,Restaurants
SMCI,2026-05-18,30.850000381469727,2026-05-19 20:46:39.446045,,,,,,Information Technology,"Technology Hardware, Storage & Peripherals"
INVH,2026-05-18,28.75,2026-05-19 20:46:39.446045,,,,,,Real Estate,Single-Family Residential REITs
DELL,2026-05-18,238.02999877929688,2026-05-19 20:46:39.446045,,,,,,Information Technology,"Technology Hardware, Storage & Peripherals"
NOW,2026-05-18,103.41999816894531,2026-05-19 20:46:39.446045,,,,,,Information Technology,Systems Software
KEYS,2026-05-18,340.4800109863281,2026-05-19 20:46:39.446045,,,,,,Information Technology,Electronic Equipment & Instruments
CRM,2026-05-18,179.47999572753906,2026-05-19 20:46:39.446045,,,,,,Information Technology,Application Software
CPB,2026-05-18,20.34000015258789,2026-05-19 20:46:39.446045,,,,,,Consumer Staples,Packaged Foods & Meats
BSX,2026-05-18,55.91999816894531,2026-05-19 20:46:39.446045,,,,,,Health Care,Health Care Equipment
TSLA,2026-05-18,409.989990234375,2026-05-19 20:46:39.446045,,,,,,Consumer Discretionary,Automobile Manufacturers
CSCO,2026-05-18,118.87999725341797,2026-05-19 20:46:39.446045,,,,,,Information Technology,Communications Equipment
ARES,2026-05-18,123.69999694824219,2026-05-19 20:46:39.446045,,,,,,Financials,Asset Management & Custody Banks
POOL,2026-05-18,181.38999938964844,2026-05-19 20:46:39.446045,,,,,,Consumer Discretionary,Distributors
PLD,2026-05-18,142.30999755859375,2026-05-19 20:46:39.446045,,,,,,Real Estate,Industrial REITs
BX,2026-05-18,117.04000091552734,2026-05-19 20:46:39.446045,,,,,,Financials,Asset Management & Custody Banks
CRH,2026-05-18,103.38999938964844,2026-05-19 20:46:39.446045,,,,,,Materials,Construction Materials
SCHW,2026-05-18,92.38999938964844,2026-05-19 20:46:39.446045,,,,,,Financials,Investment Banking & Brokerage
ABNB,2026-05-18,134.3000030517578,2026-05-19 20:46:39.446045,,,,,,Consumer Discretionary,"Hotels, Resorts & Cruise Lines"
SOLV,2026-05-15,74.26000213623047,2026-05-19 20:46:39.446045,,,,,,Health Care,Health Care Technology
FAST,2026-05-15,43.2599983215332,2026-05-19 20:46:39.446045,,,,,,Industrials,Trading Companies & Distributors
APO,2026-05-15,135.3800048828125,2026-05-19 20:46:39.446045,,,,,,Financials,Asset Management & Custody Banks
MDT,2026-05-15,76.1500015258789,2026-05-19 20:46:39.446045,,,,,,Health Care,Health Care Equipment
WFC,2026-05-15,73.41999816894531,2026-05-19 20:46:39.446045,,,,,,Financials,Diversified Banks
NUE,2026-05-15,227.02000427246094,2026-05-19 20:46:39.446045,,,,,,Materials,Steel
PCG,2026-05-15,16.1299991607666,2026-05-19 20:46:39.446045,,,,,,Utilities,Multi-Utilities
JCI,2026-05-15,143.0800018310547,2026-05-19 20:46:39.446045,,,,,,Industrials,Building Products
Q,2026-05-15,157.22999572753906,2026-05-19 20:46:39.446045,,,,,,Information Technology,Semiconductor Materials & Equipment
EW,2026-05-15,81.37999725341797,2026-05-19 20:46:39.446045,,,,,,Health Care,Health Care Equipment
VLO,2026-05-15,250.74000549316406,2026-05-19 20:46:39.446045,,,,,,Energy,Oil & Gas Refining & Marketing
CAH,2026-05-15,195.1999969482422,2026-05-19 20:46:39.446045,,,,,,Health Care,Health Care Distributors
VZ,2026-05-15,46.369998931884766,2026-05-19 20:46:39.446045,,,,,,Communication Services,Integrated Telecommunication Services
EQT,2026-05-15,56.220001220703125,2026-05-19 20:46:39.446045,,,,,,Energy,Oil & Gas Exploration & Production
INCY,2026-05-15,95.30999755859375,2026-05-19 20:46:39.446045,,,,,,Health Care,Biotechnology
EA,2026-05-15,200.63999938964844,2026-05-19 20:46:39.446045,,,,,,Communication Services,Interactive Home Entertainment
NTAP,2026-05-15,119.93000030517578,2026-05-19 20:46:39.446045,,,,,,Information Technology,"Technology Hardware, Storage & Peripherals"
CPB,2026-05-15,20.010000228881836,2026-05-19 20:46:39.446045,,,,,,Consumer Staples,Packaged Foods & Meats
GILD,2026-05-15,129.5800018310547,2026-05-19 20:46:39.446045,,,,,,Health Care,Biotechnology
SYK,2026-05-15,306.760009765625,2026-05-19 20:46:39.446045,,,,,,Health Care,Health Care Equipment
ELV,2026-05-15,392.67999267578125,2026-05-19 20:46:39.446045,,,,,,Health Care,Managed Health Care
ARES,2026-05-15,123.41000366210938,2026-05-19 20:46:39.446045,,,,,,Financials,Asset Management & Custody Banks
EG,2026-05-15,351.6700134277344,2026-05-19 20:46:39.446045,,,,,,Financials,Reinsurance
BAX,2026-05-15,17.299999237060547,2026-05-19 20:46:39.446045,,,,,,Health Care,Health Care Equipment
AXON,2026-05-15,391.8800048828125,2026-05-19 20:46:39.446045,,,,,,Industrials,Aerospace & Defense
HPE,2026-05-15,33.099998474121094,2026-05-19 20:46:39.446045,,,,,,Information Technology,"Technology Hardware, Storage & Peripherals"
APP,2026-05-15,501.0,2026-05-19 20:46:39.446045,,,,,,Information Technology,Application Software
DDOG,2026-05-15,207.97999572753906,2026-05-19 20:46:39.446045,,,,,,Information Technology,Application Software
AMZN,2026-05-15,264.1400146484375,2026-05-19 20:46:39.446045,,,,,,Consumer Discretionary,Broadline Retail
LW,2026-05-15,44.060001373291016,2026-05-19 20:46:39.446045,,,,,,,
EXPE,2026-05-15,217.72999572753906,2026-05-19 20:46:39.446045,,,,,,Consumer Discretionary,"Hotels, Resorts & Cruise Lines"
ED,2026-05-15,105.36000061035156,2026-05-19 20:46:39.446045,,,,,,Utilities,Multi-Utilities
HWM,2026-05-15,260.3500061035156,2026-05-19 20:46:39.446045,,,,,,Industrials,Aerospace & Defense
EQIX,2026-05-15,1059.43994140625,2026-05-19 20:46:39.446045,,,,,,Real Estate,Data Center REITs
WDAY,2026-05-15,125.01000213623047,2026-05-19 20:46:39.446045,,,,,,Information Technology,Application Software
AON,2026-05-15,317.2200012207031,2026-05-19 20:46:39.446045,,,,,,Financials,Insurance Brokers
CAG,2026-05-15,13.430000305175781,2026-05-19 20:46:39.446045,,,,,,Consumer Staples,Packaged Foods & Meats
BDX,2026-05-15,143.47000122070312,2026-05-19 20:46:39.446045,,,,,,Health Care,Health Care Equipment
PNC,2026-05-15,212.83999633789062,2026-05-19 20:46:39.446045,,,,,,Financials,Diversified Banks
WELL,2026-05-15,213.74000549316406,2026-05-19 20:46:39.446045,,,,,,Real Estate,Health Care REITs
BG,2026-05-15,122.44999694824219,2026-05-19 20:46:39.446045,,,,,,Consumer Staples,Agricultural Products & Services
AWK,2026-05-15,124.29000091552734,2026-05-19 20:46:39.446045,,,,,,Utilities,Water Utilities
HAL,2026-05-15,41.7599983215332,2026-05-19 20:46:39.446045,,,,,,Energy,Oil & Gas Equipment & Services
AFL,2026-05-15,116.80999755859375,2026-05-19 20:46:39.446045,,,,,,Financials,Life & Health Insurance
FIS,2026-05-15,41.79999923706055,2026-05-19 20:46:39.446045,,,,,,Financials,Transaction & Payment Processing Services
CTSH,2026-05-15,46.79999923706055,2026-05-19 20:46:39.446045,,,,,,Information Technology,IT Consulting & Other Services
BAC,2026-05-15,49.77000045776367,2026-05-19 20:46:39.446045,,,,,,Financials,Diversified Banks
SBUX,2026-05-15,106.81999969482422,2026-05-19 20:46:39.446045,,,,,,Consumer Discretionary,Restaurants
VICI,2026-05-15,27.899999618530273,2026-05-19 20:46:39.446045,,,,,,Real Estate,Hotel & Resort REITs
UNP,2026-05-15,270.55999755859375,2026-05-19 20:46:39.446045,,,,,,Industrials,Rail Transportation
VTRS,2026-05-15,16.479999542236328,2026-05-19 20:46:39.446045,,,,,,Health Care,Pharmaceuticals
GOOG,2026-05-15,393.32000732421875,2026-05-19 20:46:39.446045,,,,,,Communication Services,Interactive Media & Services
NWSA,2026-05-15,25.920000076293945,2026-05-19 20:46:39.446045,,,,,,Communication Services,Publishing
PLTR,2026-05-15,133.99000549316406,2026-05-19 20:46:39.446045,,,,,,Information Technology,Application Software
MPC,2026-05-15,255.02999877929688,2026-05-19 20:46:39.446045,,,,,,Energy,Oil & Gas Refining & Marketing
EFX,2026-05-15,158.3699951171875,2026-05-19 20:46:39.446045,,,,,,Industrials,Research & Consulting Services
WY,2026-05-15,22.68000030517578,2026-05-19 20:46:39.446045,,,,,,Real Estate,Timber REITs
ORLY,2026-05-15,88.48999786376953,2026-05-19 20:46:39.446045,,,,,,Consumer Discretionary,Automotive Retail
TDG,2026-05-15,1148.969970703125,2026-05-19 20:46:39.446045,,,,,,Industrials,Aerospace & Defense
STX,2026-05-15,795.469970703125,2026-05-19 20:46:39.446045,,,,,,Information Technology,"Technology Hardware, Storage & Peripherals"
DGX,2026-05-15,186.61000061035156,2026-05-19 20:46:39.446045,,,,,,Health Care,Health Care Services
MDLZ,2026-05-15,60.439998626708984,2026-05-19 20:46:39.446045,,,,,,Consumer Staples,Packaged Foods & Meats
VRTX,2026-05-15,436.95001220703125,2026-05-19 20:46:39.446045,,,,,,Health Care,Biotechnology
TJX,2026-05-15,147.42999267578125,2026-05-19 20:46:39.446045,,,,,,Consumer Discretionary,Apparel Retail
PRU,2026-05-15,101.93000030517578,2026-05-19 20:46:39.446045,,,,,,Financials,Life & Health Insurance
NTRS,2026-05-15,163.86000061035156,2026-05-19 20:46:39.446045,,,,,,Financials,Asset Management & Custody Banks
STZ,2026-05-15,142.35000610351562,2026-05-19 20:46:39.446045,,,,,,Consumer Staples,Distillers & Vintners
USB,2026-05-15,53.119998931884766,2026-05-19 20:46:39.446045,,,,,,Financials,Diversified Banks
FFIV,2026-05-15,362.5799865722656,2026-05-19 20:46:39.446045,,,,,,Information Technology,Communications Equipment
EOG,2026-05-15,140.25999450683594,2026-05-19 20:46:39.446045,,,,,,Energy,Oil & Gas Exploration & Production
SCHW,2026-05-15,90.87999725341797,2026-05-19 20:46:39.446045,,,,,,Financials,Investment Banking & Brokerage
RVTY,2026-05-15,93.97000122070312,2026-05-19 20:46:39.446045,,,,,,Health Care,Health Care Equipment
TTD,2026-05-15,21.149999618530273,2026-05-19 20:46:39.446045,,,,,,Communication Services,Advertising
AMD,2026-05-15,424.1000061035156,2026-05-19 20:46:39.446045,,,,,,Information Technology,Semiconductors
ALL,2026-05-15,217.3699951171875,2026-05-19 20:46:39.446045,,,,,,Financials,Property & Casualty Insurance
COST,2026-05-15,1048.949951171875,2026-05-19 20:46:39.446045,,,,,,Consumer Staples,Consumer Staples Merchandise Retail
UAL,2026-05-15,92.8499984741211,2026-05-19 20:46:39.446045,,,,,,Industrials,Passenger Airlines
KDP,2026-05-15,28.93000030517578,2026-05-19 20:46:39.446045,,,,,,Consumer Staples,Soft Drinks & Non-alcoholic Beverages
DVA,2026-05-15,199.74000549316406,2026-05-19 20:46:39.446045,,,,,,Health Care,Health Care Services
SYF,2026-05-15,71.37999725341797,2026-05-19 20:46:39.446045,,,,,,Financials,Consumer Finance
AXP,2026-05-15,313.4800109863281,2026-05-19 20:46:39.446045,,,,,,Financials,Consumer Finance
TECH,2026-05-15,43.220001220703125,2026-05-19 20:46:39.446045,,,,,,Health Care,Life Sciences Tools & Services
CVX,2026-05-15,191.10000610351562,2026-05-19 20:46:39.446045,,,,,,Energy,Integrated Oil & Gas
VRSK,2026-05-15,162.5500030517578,2026-05-19 20:46:39.446045,,,,,,Industrials,Research & Consulting Services
KEYS,2026-05-15,349.010009765625,2026-05-19 20:46:39.446045,,,,,,Information Technology,Electronic Equipment & Instruments
CRM,2026-05-15,173.50999450683594,2026-05-19 20:46:39.446045,,,,,,Information Technology,Application Software
EXPD,2026-05-15,155.4499969482422,2026-05-19 20:46:39.446045,,,,,,Industrials,Air Freight & Logistics
ZBH,2026-05-15,83.69999694824219,2026-05-19 20:46:39.446045,,,,,,Health Care,Health Care Equipment
UBER,2026-05-15,75.08999633789062,2026-05-19 20:46:39.446045,,,,,,Industrials,Passenger Ground Transportation
FICO,2026-05-15,1098.5899658203125,2026-05-19 20:46:39.446045,,,,,,Information Technology,Application Software
BSX,2026-05-15,52.68000030517578,2026-05-19 20:46:39.446045,,,,,,Health Care,Health Care Equipment
DECK,2026-05-15,93.55999755859375,2026-05-19 20:46:39.446045,,,,,,Consumer Discretionary,Footwear
CARR,2026-05-15,64.66999816894531,2026-05-19 20:46:39.446045,,,,,,Industrials,Building Products
FISV,2026-05-15,55.33000183105469,2026-05-19 20:46:39.446045,,,,,,Financials,Transaction & Payment Processing Services
AVB,2026-05-15,180.83999633789062,2026-05-19 20:46:39.446045,,,,,,Real Estate,Multi-Family Residential REITs
TPR,2026-05-15,129.32000732421875,2026-05-19 20:46:39.446045,,,,,,Consumer Discretionary,"Apparel, Accessories & Luxury Goods"
WYNN,2026-05-15,95.16999816894531,2026-05-19 20:46:39.446045,,,,,,Consumer Discretionary,Casinos & Gaming
