group,n,p_large_plus,p_extreme
ALL,3867,0.07938970778381174,0.038272562710111195
High danger + individual vol + explosiveness,86,0.05813953488372093,0.03488372093023256
