top_frac,n_top,large_rate_top,large_lift,large_capture,extreme_rate_top,extreme_lift,extreme_capture
0.05,154,0.9675324675324676,8.174716468104899,0.41046831955922863,0.6038961038961039,17.47310708159765,0.8773584905660378
0.1,307,0.8469055374592834,7.155535215943863,0.7162534435261708,0.34527687296416937,9.990228013029316,1.0
0.2,614,0.5276872964169381,4.458448865318869,0.8925619834710744,0.17263843648208468,4.995114006514658,1.0
