top_frac,n_top,large_rate_top,large_lift,large_capture,extreme_rate_top,extreme_lift,extreme_capture
0.05,762,0.09973753280839895,0.9896432327066609,0.049511400651465795,0.05249343832020997,1.1308734922986112,0.056577086280056574
0.1,1524,0.10301837270341208,1.022197286414117,0.1022801302931596,0.05380577427821522,1.1591453296060765,0.11598302687411598
0.2,3047,0.10403675746636036,1.0323021843453646,0.206514657980456,0.04890055792582868,1.0534715668575625,0.21074964639321075
