top_frac,n_top,large_rate_top,large_lift,large_capture,extreme_rate_top,extreme_lift,extreme_capture
0.05,961,0.05723204994797086,0.7165005236808835,0.035830618892508145,0.027055150884495317,0.7353873190202921,0.036775106082036775
0.1,1922,0.06191467221644121,0.7751232938002285,0.07752442996742671,0.031217481789802288,0.8485238296387986,0.08486562942008487
0.2,3844,0.0764828303850156,0.9575052452826351,0.19153094462540718,0.03928199791883455,1.067725818962155,0.21357850070721357
