top_frac,n_top,large_rate_top,large_lift,large_capture,extreme_rate_top,extreme_lift,extreme_capture
0.05,194,0.5515463917525774,4.452672018595442,0.22338204592901878,0.25773195876288657,6.556904503526857,0.32894736842105265
0.1,387,0.4418604651162791,3.567169976210128,0.3569937369519833,0.1937984496124031,4.930385556915545,0.4934210526315789
0.2,774,0.26356589147286824,2.1277855998446378,0.42588726513569936,0.10335917312661498,2.62953896368829,0.5263157894736842
