top_frac,n_top,large_rate_top,large_lift,large_capture,extreme_rate_top,extreme_lift,extreme_capture
0.05,961,0.08116545265348596,1.0161280154019803,0.050814332247557006,0.03954214360041623,1.0747968508758114,0.05374823196605375
0.1,1922,0.08168574401664933,1.0226416565263519,0.1022801302931596,0.03798126951092612,1.0323706593938715,0.10325318246110325
0.2,3844,0.0785639958376691,0.9835598097801219,0.196742671009772,0.037721123829344436,1.025299627480215,0.2050919377652051
