top_frac,n_top,large_rate_top,large_lift,large_capture,extreme_rate_top,extreme_lift,extreme_capture
0.05,194,0.09278350515463918,0.7490476292964294,0.037578288100208766,0.0,0.0,0.0
0.1,387,0.05426356589147287,0.4380735058503666,0.04384133611691023,0.0,0.0,0.0
0.2,774,0.11886304909560723,0.95958958424366,0.19206680584551147,0.021963824289405683,0.5587770297837616,0.1118421052631579
