top_frac,n_top,large_rate_top,large_lift,large_capture,extreme_rate_top,extreme_lift,extreme_capture
0.05,154,0.5974025974025974,5.047475940037923,0.2534435261707989,0.2532467532467532,7.327432001960304,0.36792452830188677
0.1,307,0.48859934853420195,4.128193393813767,0.4132231404958678,0.18892508143322476,5.466351176940569,0.5471698113207547
0.2,614,0.3973941368078176,3.357597293635197,0.6721763085399449,0.14332247557003258,4.146887099748018,0.8301886792452831
