top_frac,n_top,large_rate_top,large_lift,large_capture,extreme_rate_top,extreme_lift,extreme_capture
0.05,762,0.08923884514435695,0.8854702608428019,0.04429967426710098,0.051181102362204724,1.102601654991146,0.055162659123055166
0.1,1524,0.09186351706036745,0.9115135038087666,0.09120521172638436,0.046587926509186355,1.0036502244150174,0.10042432814710042
0.2,3047,0.10108303249097472,1.0029939204365055,0.2006514657980456,0.0508697079094191,1.095893240690753,0.21923620933521923
