top_frac,n_top,large_rate_top,large_lift,large_capture,extreme_rate_top,extreme_lift,extreme_capture
0.05,961,0.08324661810613944,1.0421825798994668,0.05211726384364821,0.04058272632674298,1.1030809785304383,0.055162659123055166
0.1,1922,0.07492195629552549,0.9379643219095201,0.09381107491856677,0.03694068678459938,1.0040865317392451,0.10042432814710042
0.2,3844,0.07830385015608742,0.980302989217936,0.19609120521172638,0.03694068678459938,1.0040865317392451,0.20084865629420084
