top_frac,n_top,large_rate_top,large_lift,large_capture,extreme_rate_top,extreme_lift,extreme_capture
0.05,194,0.14948453608247422,1.206798958310914,0.060542797494780795,0.030927835051546393,0.7868285404232229,0.039473684210526314
0.1,387,0.13178294573643412,1.0638927999223189,0.10647181628392484,0.03875968992248062,0.9860771113831088,0.09868421052631579
0.2,774,0.14857881136950904,1.1994869803045751,0.24008350730688935,0.041343669250646,1.0518155854753162,0.21052631578947367
